<?xml version='1.0' encoding='UTF-8'?>
<interact_entry_realty guid="65008f0d-d674-11ea-b1bd-d81265b52ffc" version="01">
    <objects><object><cad_number>70:11:0100026:331</cad_number><type>002001001000</type><information_object><cost><value>2076161.39</value><cost_index>8596.94</cost_index><approvement_date>2020-06-03</approvement_date><determination_date>2020-06-03</determination_date></cost></information_object></object><object><cad_number>70:11:0100026:332</cad_number><type>002001001000</type><information_object><cost><value>1163278.23</value><cost_index>8163.36</cost_index><approvement_date>2020-06-03</approvement_date><determination_date>2020-06-03</determination_date></cost></information_object></object><object><cad_number>70:11:0100029:357</cad_number><type>002001001000</type><information_object><cost><value>365918.27</value><cost_index>9943.43</cost_index><approvement_date>2020-06-03</approvement_date><determination_date>2020-06-03</determination_date></cost></information_object></object><object><cad_number>70:11:0100029:355</cad_number><type>002001001000</type><information_object><cost><value>497467.64</value><cost_index>9949.35</cost_index><approvement_date>2020-06-03</approvement_date><determination_date>2020-06-03</determination_date></cost></information_object></object><object><cad_number>70:11:0100029:356</cad_number><type>002001001000</type><information_object><cost><value>312130.77</value><cost_index>9940.47</cost_index><approvement_date>2020-06-03</approvement_date><determination_date>2020-06-03</determination_date></cost></information_object></object><object><cad_number>70:11:0100032:988</cad_number><type>002001001000</type><information_object><cost><value>1001580.69</value><cost_index>13480.22</cost_index><approvement_date>2020-06-03</approvement_date><determination_date>2020-06-03</determination_date></cost></information_object></object><object><cad_number>70:11:0100032:989</cad_number><type>002001001000</type><information_object><cost><value>552451.03</value><cost_index>12788.22</cost_index><approvement_date>2020-06-03</approvement_date><determination_date>2020-06-03</determination_date></cost></information_object></object><object><cad_number>70:11:0100032:987</cad_number><type>002001001000</type><information_object><cost><value>282255.06</value><cost_index>12771.72</cost_index><approvement_date>2020-06-03</approvement_date><determination_date>2020-06-03</determination_date></cost></information_object></object><object><cad_number>70:11:0100032:986</cad_number><type>002001001000</type><information_object><cost><value>282255.06</value><cost_index>12771.72</cost_index><approvement_date>2020-06-03</approvement_date><determination_date>2020-06-03</determination_date></cost></information_object></object><object><cad_number>70:11:0101002:4315</cad_number><type>002001001000</type><information_object><cost><value>736868.33</value><cost_index>17544.48</cost_index><approvement_date>2020-06-03</approvement_date><determination_date>2020-06-03</determination_date></cost></information_object></object><object><cad_number>70:11:0101002:4323</cad_number><type>002001001000</type><information_object><cost><value>1940064.73</value><cost_index>17946.94</cost_index><approvement_date>2020-06-03</approvement_date><determination_date>2020-06-03</determination_date></cost></information_object></object><object><cad_number>70:11:0101002:4349</cad_number><type>002001001000</type><information_object><cost><value>409088.21</value><cost_index>6840.94</cost_index><approvement_date>2020-06-03</approvement_date><determination_date>2020-06-03</determination_date></cost></information_object></object><object><cad_number>70:11:0101002:4324</cad_number><type>002001001000</type><information_object><cost><value>1880552.52</value><cost_index>19984.62</cost_index><approvement_date>2020-06-03</approvement_date><determination_date>2020-06-03</determination_date></cost></information_object></object><object><cad_number>70:11:0101002:4334</cad_number><type>002001001000</type><information_object><cost><value>2062308.12</value><cost_index>17948.72</cost_index><approvement_date>2020-06-03</approvement_date><determination_date>2020-06-03</determination_date></cost></information_object></object><object><cad_number>70:11:0101002:4348</cad_number><type>002001001000</type><information_object><cost><value>2856389.52</value><cost_index>17964.71</cost_index><approvement_date>2020-06-03</approvement_date><determination_date>2020-06-03</determination_date></cost></information_object></object><object><cad_number>70:11:0101002:4306</cad_number><type>002001001000</type><information_object><cost><value>1699752.85</value><cost_index>21904.03</cost_index><approvement_date>2020-06-03</approvement_date><determination_date>2020-06-03</determination_date></cost></information_object></object><object><cad_number>70:11:0101002:4326</cad_number><type>002001001000</type><information_object><cost><value>2032114.17</value><cost_index>19922.69</cost_index><approvement_date>2020-06-03</approvement_date><determination_date>2020-06-03</determination_date></cost></information_object></object><object><cad_number>70:11:0101002:4336</cad_number><type>002001001000</type><information_object><cost><value>3296936.98</value><cost_index>21367.06</cost_index><approvement_date>2020-06-03</approvement_date><determination_date>2020-06-03</determination_date></cost></information_object></object><object><cad_number>70:11:0101002:4341</cad_number><type>002001001000</type><information_object><cost><value>3967356.29</value><cost_index>16259.66</cost_index><approvement_date>2020-06-03</approvement_date><determination_date>2020-06-03</determination_date></cost></information_object></object><object><cad_number>70:11:0101002:4350</cad_number><type>002001001000</type><information_object><cost><value>651602.26</value><cost_index>15514.34</cost_index><approvement_date>2020-06-03</approvement_date><determination_date>2020-06-03</determination_date></cost></information_object></object></objects><document><document_code>558501030500</document_code><document_name>Акт определения кадастровой стоимости объектов недвижимости</document_name><document_number>2</document_number><document_date>2020-06-03</document_date><document_issuer>ОГБУ "ТОЦИК"</document_issuer></document></interact_entry_realty>
