<?xml version='1.0' encoding='UTF-8'?>
<interact_entry_realty guid="650dfd64-d674-11ea-a3d9-d81265b52ffc" version="01">
    <objects><object><cad_number>70:11:0101002:4309</cad_number><type>002001001000</type><information_object><cost><value>382294.92</value><cost_index>19114.75</cost_index><approvement_date>2020-06-03</approvement_date><determination_date>2020-06-03</determination_date></cost></information_object></object><object><cad_number>70:11:0101002:4335</cad_number><type>002001001000</type><information_object><cost><value>3266754.87</value><cost_index>17076.61</cost_index><approvement_date>2020-06-03</approvement_date><determination_date>2020-06-03</determination_date></cost></information_object></object><object><cad_number>70:11:0101002:4307</cad_number><type>002001001000</type><information_object><cost><value>736868.33</value><cost_index>17544.48</cost_index><approvement_date>2020-06-03</approvement_date><determination_date>2020-06-03</determination_date></cost></information_object></object><object><cad_number>70:11:0101002:4314</cad_number><type>002001001000</type><information_object><cost><value>1602131.33</value><cost_index>19976.7</cost_index><approvement_date>2020-06-03</approvement_date><determination_date>2020-06-03</determination_date></cost></information_object></object><object><cad_number>70:11:0101002:4345</cad_number><type>002001001000</type><information_object><cost><value>531690.88</value><cost_index>16259.66</cost_index><approvement_date>2020-06-03</approvement_date><determination_date>2020-06-03</determination_date></cost></information_object></object><object><cad_number>70:11:0101002:4321</cad_number><type>002001001000</type><information_object><cost><value>490190.87</value><cost_index>13393.19</cost_index><approvement_date>2020-06-03</approvement_date><determination_date>2020-06-03</determination_date></cost></information_object></object><object><cad_number>70:11:0101002:4347</cad_number><type>002001001000</type><information_object><cost><value>544698.61</value><cost_index>16259.66</cost_index><approvement_date>2020-06-03</approvement_date><determination_date>2020-06-03</determination_date></cost></information_object></object><object><cad_number>70:11:0101002:4343</cad_number><type>002001001000</type><information_object><cost><value>526812.98</value><cost_index>16259.66</cost_index><approvement_date>2020-06-03</approvement_date><determination_date>2020-06-03</determination_date></cost></information_object></object><object><cad_number>70:11:0101002:4318</cad_number><type>002001001000</type><information_object><cost><value>670058.46</value><cost_index>13401.17</cost_index><approvement_date>2020-06-03</approvement_date><determination_date>2020-06-03</determination_date></cost></information_object></object><object><cad_number>70:11:0101002:4344</cad_number><type>002001001000</type><information_object><cost><value>521935.09</value><cost_index>16259.66</cost_index><approvement_date>2020-06-03</approvement_date><determination_date>2020-06-03</determination_date></cost></information_object></object><object><cad_number>70:11:0101002:4312</cad_number><type>002001001000</type><information_object><cost><value>280949.97</value><cost_index>13378.57</cost_index><approvement_date>2020-06-03</approvement_date><determination_date>2020-06-03</determination_date></cost></information_object></object><object><cad_number>70:11:0101002:4313</cad_number><type>002001001000</type><information_object><cost><value>390887.16</value><cost_index>13386.55</cost_index><approvement_date>2020-06-03</approvement_date><determination_date>2020-06-03</determination_date></cost></information_object></object><object><cad_number>70:11:0101002:4346</cad_number><type>002001001000</type><information_object><cost><value>528438.95</value><cost_index>16259.66</cost_index><approvement_date>2020-06-03</approvement_date><determination_date>2020-06-03</determination_date></cost></information_object></object><object><cad_number>70:11:0101002:4342</cad_number><type>002001001000</type><information_object><cost><value>536568.78</value><cost_index>16259.66</cost_index><approvement_date>2020-06-03</approvement_date><determination_date>2020-06-03</determination_date></cost></information_object></object><object><cad_number>70:11:0101002:4329</cad_number><type>002001001000</type><information_object><cost><value>746593.21</value><cost_index>13403.83</cost_index><approvement_date>2020-06-03</approvement_date><determination_date>2020-06-03</determination_date></cost></information_object></object><object><cad_number>70:11:0101002:4311</cad_number><type>002001001000</type><information_object><cost><value>390887.16</value><cost_index>13386.55</cost_index><approvement_date>2020-06-03</approvement_date><determination_date>2020-06-03</determination_date></cost></information_object></object><object><cad_number>70:11:0101003:4109</cad_number><type>002001001000</type><information_object><cost><value>3283118.35</value><cost_index>18569.67</cost_index><approvement_date>2020-06-03</approvement_date><determination_date>2020-06-03</determination_date></cost></information_object></object><object><cad_number>70:11:0101003:4129</cad_number><type>002001001000</type><information_object><cost><value>2809681.26</value><cost_index>17964.71</cost_index><approvement_date>2020-06-03</approvement_date><determination_date>2020-06-03</determination_date></cost></information_object></object><object><cad_number>70:11:0101003:4175</cad_number><type>002001001000</type><information_object><cost><value>2170430.11</value><cost_index>17952.28</cost_index><approvement_date>2020-06-03</approvement_date><determination_date>2020-06-03</determination_date></cost></information_object></object><object><cad_number>70:11:0101003:4150</cad_number><type>002001001000</type><information_object><cost><value>1814076.82</value><cost_index>17943.39</cost_index><approvement_date>2020-06-03</approvement_date><determination_date>2020-06-03</determination_date></cost></information_object></object></objects><document><document_code>558501030500</document_code><document_name>Акт определения кадастровой стоимости объектов недвижимости</document_name><document_number>2</document_number><document_date>2020-06-03</document_date><document_issuer>ОГБУ "ТОЦИК"</document_issuer></document></interact_entry_realty>
