<?xml version='1.0' encoding='UTF-8'?>
<interact_entry_realty guid="6498c65c-d674-11ea-9681-d81265b52ffc" version="01">
    <objects><object><cad_number>70:09:0101001:2817</cad_number><type>002001001000</type><information_object><cost><value>1404829.57</value><cost_index>20998.95</cost_index><approvement_date>2020-06-03</approvement_date><determination_date>2020-06-03</determination_date></cost></information_object></object><object><cad_number>70:09:0101001:2815</cad_number><type>002001001000</type><information_object><cost><value>175493.34</value><cost_index>7697.08</cost_index><approvement_date>2020-06-03</approvement_date><determination_date>2020-06-03</determination_date></cost></information_object></object><object><cad_number>70:09:0101001:2812</cad_number><type>002001001000</type><information_object><cost><value>2847537.71</value><cost_index>20067.21</cost_index><approvement_date>2020-06-03</approvement_date><determination_date>2020-06-03</determination_date></cost></information_object></object><object><cad_number>70:09:0101001:2814</cad_number><type>002001001000</type><information_object><cost><value>1779492.37</value><cost_index>21009.36</cost_index><approvement_date>2020-06-03</approvement_date><determination_date>2020-06-03</determination_date></cost></information_object></object><object><cad_number>70:09:0101001:2820</cad_number><type>002001001000</type><information_object><cost><value>3180448.22</value><cost_index>17807.66</cost_index><approvement_date>2020-06-03</approvement_date><determination_date>2020-06-03</determination_date></cost></information_object></object><object><cad_number>70:09:0101001:2821</cad_number><type>002001001000</type><information_object><cost><value>2881541.32</value><cost_index>18735.64</cost_index><approvement_date>2020-06-03</approvement_date><determination_date>2020-06-03</determination_date></cost></information_object></object><object><cad_number>70:09:0101001:2793</cad_number><type>002001001000</type><information_object><cost><value>895229.07</value><cost_index>11551.34</cost_index><approvement_date>2020-06-03</approvement_date><determination_date>2020-06-03</determination_date></cost></information_object></object><object><cad_number>70:09:0101001:2802</cad_number><type>002001001000</type><information_object><cost><value>460482.33</value><cost_index>12581.48</cost_index><approvement_date>2020-06-03</approvement_date><determination_date>2020-06-03</determination_date></cost></information_object></object><object><cad_number>70:09:0101001:2811</cad_number><type>002001001000</type><information_object><cost><value>478096.41</value><cost_index>12581.48</cost_index><approvement_date>2020-06-03</approvement_date><determination_date>2020-06-03</determination_date></cost></information_object></object><object><cad_number>70:09:0101001:2795</cad_number><type>002001001000</type><information_object><cost><value>792239.4</value><cost_index>12595.22</cost_index><approvement_date>2020-06-03</approvement_date><determination_date>2020-06-03</determination_date></cost></information_object></object><object><cad_number>70:09:0101002:1839</cad_number><type>002001001000</type><information_object><cost><value>608034.91</value><cost_index>16477.91</cost_index><approvement_date>2020-06-03</approvement_date><determination_date>2020-06-03</determination_date></cost></information_object></object><object><cad_number>70:09:0101002:1842</cad_number><type>002001001000</type><information_object><cost><value>2590201.09</value><cost_index>16874.27</cost_index><approvement_date>2020-06-03</approvement_date><determination_date>2020-06-03</determination_date></cost></information_object></object><object><cad_number>70:09:0101002:1843</cad_number><type>002001001000</type><information_object><cost><value>2055529.24</value><cost_index>21017.68</cost_index><approvement_date>2020-06-03</approvement_date><determination_date>2020-06-03</determination_date></cost></information_object></object><object><cad_number>70:09:0101002:1841</cad_number><type>002001001000</type><information_object><cost><value>494501.42</value><cost_index>12582.73</cost_index><approvement_date>2020-06-03</approvement_date><determination_date>2020-06-03</determination_date></cost></information_object></object><object><cad_number>70:09:0101002:1855</cad_number><type>002001001000</type><information_object><cost><value>846566.69</value><cost_index>12597.72</cost_index><approvement_date>2020-06-03</approvement_date><determination_date>2020-06-03</determination_date></cost></information_object></object><object><cad_number>70:09:0101003:1902</cad_number><type>002001001000</type><information_object><cost><value>1821691.56</value><cost_index>21011.44</cost_index><approvement_date>2020-06-03</approvement_date><determination_date>2020-06-03</determination_date></cost></information_object></object><object><cad_number>70:09:0101003:1895</cad_number><type>002001001000</type><information_object><cost><value>390721.32</value><cost_index>6426.34</cost_index><approvement_date>2020-06-03</approvement_date><determination_date>2020-06-03</determination_date></cost></information_object></object><object><cad_number>70:09:0101003:1889</cad_number><type>002001001000</type><information_object><cost><value>642101.52</value><cost_index>12590.23</cost_index><approvement_date>2020-06-03</approvement_date><determination_date>2020-06-03</determination_date></cost></information_object></object><object><cad_number>70:09:0101004:314</cad_number><type>002001001000</type><information_object><cost><value>242533.43</value><cost_index>12566.5</cost_index><approvement_date>2020-06-03</approvement_date><determination_date>2020-06-03</determination_date></cost></information_object></object><object><cad_number>70:09:0101005:1308</cad_number><type>002001001000</type><information_object><cost><value>134687.99</value><cost_index>15133.48</cost_index><approvement_date>2020-06-03</approvement_date><determination_date>2020-06-03</determination_date></cost></information_object></object></objects><document><document_code>558501030500</document_code><document_name>Акт определения кадастровой стоимости объектов недвижимости</document_name><document_number>2</document_number><document_date>2020-06-03</document_date><document_issuer>ОГБУ "ТОЦИК"</document_issuer></document></interact_entry_realty>
