<?xml version='1.0' encoding='UTF-8'?>
<interact_entry_realty guid="653c6404-d674-11ea-b5fe-d81265b52ffc" version="01">
    <objects><object><cad_number>70:11:0100038:13106</cad_number><type>002001001000</type><information_object><cost><value>11083028.1</value><cost_index>3698.04</cost_index><approvement_date>2020-06-03</approvement_date><determination_date>2020-06-03</determination_date></cost></information_object></object><object><cad_number>70:11:0100038:13199</cad_number><type>002001001000</type><information_object><cost><value>810.39</value><cost_index>101.3</cost_index><approvement_date>2020-06-03</approvement_date><determination_date>2020-06-03</determination_date></cost></information_object></object><object><cad_number>70:11:0100038:13446</cad_number><type>002001001000</type><information_object><cost><value>15765637.86</value><cost_index>5867.38</cost_index><approvement_date>2020-06-03</approvement_date><determination_date>2020-06-03</determination_date></cost></information_object></object><object><cad_number>70:11:0100038:13432</cad_number><type>002001001000</type><information_object><cost><value>96962761.95</value><cost_index>1110.91</cost_index><approvement_date>2020-06-03</approvement_date><determination_date>2020-06-03</determination_date></cost></information_object></object><object><cad_number>70:11:0100038:13437</cad_number><type>002001001000</type><information_object><cost><value>9980447.9</value><cost_index>1110.91</cost_index><approvement_date>2020-06-03</approvement_date><determination_date>2020-06-03</determination_date></cost></information_object></object><object><cad_number>70:11:0100038:13315</cad_number><type>002001001000</type><information_object><cost><value>12914139.75</value><cost_index>3886.29</cost_index><approvement_date>2020-06-03</approvement_date><determination_date>2020-06-03</determination_date></cost></information_object></object><object><cad_number>70:11:0100038:13139</cad_number><type>002001001000</type><information_object><cost><value>1419904.86</value><cost_index>5867.38</cost_index><approvement_date>2020-06-03</approvement_date><determination_date>2020-06-03</determination_date></cost></information_object></object><object><cad_number>70:11:0100038:13248</cad_number><type>002001001000</type><information_object><cost><value>11934794.81</value><cost_index>3886.29</cost_index><approvement_date>2020-06-03</approvement_date><determination_date>2020-06-03</determination_date></cost></information_object></object><object><cad_number>70:11:0100038:13360</cad_number><type>002001001000</type><information_object><cost><value>10430023.55</value><cost_index>3886.29</cost_index><approvement_date>2020-06-03</approvement_date><determination_date>2020-06-03</determination_date></cost></information_object></object><object><cad_number>70:11:0100038:13254</cad_number><type>002001001000</type><information_object><cost><value>9933355.76</value><cost_index>3886.29</cost_index><approvement_date>2020-06-03</approvement_date><determination_date>2020-06-03</determination_date></cost></information_object></object><object><cad_number>70:11:0100038:13245</cad_number><type>002001001000</type><information_object><cost><value>11309102.22</value><cost_index>3886.29</cost_index><approvement_date>2020-06-03</approvement_date><determination_date>2020-06-03</determination_date></cost></information_object></object><object><cad_number>70:11:0100038:13295</cad_number><type>002001001000</type><information_object><cost><value>11358458.09</value><cost_index>3886.29</cost_index><approvement_date>2020-06-03</approvement_date><determination_date>2020-06-03</determination_date></cost></information_object></object><object><cad_number>70:11:0100038:13314</cad_number><type>002001001000</type><information_object><cost><value>10170419.41</value><cost_index>3886.29</cost_index><approvement_date>2020-06-03</approvement_date><determination_date>2020-06-03</determination_date></cost></information_object></object><object><cad_number>70:11:0100038:13316</cad_number><type>002001001000</type><information_object><cost><value>12019904.55</value><cost_index>3886.29</cost_index><approvement_date>2020-06-03</approvement_date><determination_date>2020-06-03</determination_date></cost></information_object></object><object><cad_number>70:11:0100038:13202</cad_number><type>002001001000</type><information_object><cost><value>37827.34</value><cost_index>37827.34</cost_index><approvement_date>2020-06-03</approvement_date><determination_date>2020-06-03</determination_date></cost></information_object></object><object><cad_number>70:11:0100038:13137</cad_number><type>002001001000</type><information_object><cost><value>35268793.88</value><cost_index>5867.38</cost_index><approvement_date>2020-06-03</approvement_date><determination_date>2020-06-03</determination_date></cost></information_object></object><object><cad_number>70:11:0100038:13247</cad_number><type>002001001000</type><information_object><cost><value>10485208.86</value><cost_index>3886.29</cost_index><approvement_date>2020-06-03</approvement_date><determination_date>2020-06-03</determination_date></cost></information_object></object><object><cad_number>70:11:0100038:13116</cad_number><type>002001001000</type><information_object><cost><value>66040.32</value><cost_index>200.12</cost_index><approvement_date>2020-06-03</approvement_date><determination_date>2020-06-03</determination_date></cost></information_object></object><object><cad_number>70:11:0100038:13265</cad_number><type>002001001000</type><information_object><cost><value>10869951.51</value><cost_index>3886.29</cost_index><approvement_date>2020-06-03</approvement_date><determination_date>2020-06-03</determination_date></cost></information_object></object><object><cad_number>70:11:0100038:13434</cad_number><type>002001001000</type><information_object><cost><value>2738.03</value><cost_index>3.82</cost_index><approvement_date>2020-06-03</approvement_date><determination_date>2020-06-03</determination_date></cost></information_object></object></objects><document><document_code>558501030500</document_code><document_name>Акт определения кадастровой стоимости объектов недвижимости</document_name><document_number>2</document_number><document_date>2020-06-03</document_date><document_issuer>ОГБУ "ТОЦИК"</document_issuer></document></interact_entry_realty>
