<?xml version='1.0' encoding='UTF-8'?>
<interact_entry_realty guid="655e941c-d674-11ea-bf2d-d81265b52ffc" version="01">
    <objects><object><cad_number>70:11:0100039:5890</cad_number><type>002001001000</type><information_object><cost><value>31867.12</value><cost_index>259.08</cost_index><approvement_date>2020-06-03</approvement_date><determination_date>2020-06-03</determination_date></cost></information_object></object><object><cad_number>70:11:0100039:5745</cad_number><type>002001001000</type><information_object><cost><value>37827.34</value><cost_index>37827.34</cost_index><approvement_date>2020-06-03</approvement_date><determination_date>2020-06-03</determination_date></cost></information_object></object><object><cad_number>70:11:0100039:5856</cad_number><type>002001001000</type><information_object><cost><value>14333998.25</value><cost_index>5867.38</cost_index><approvement_date>2020-06-03</approvement_date><determination_date>2020-06-03</determination_date></cost></information_object></object><object><cad_number>70:11:0100039:5742</cad_number><type>002001001000</type><information_object><cost><value>37827.34</value><cost_index>37827.34</cost_index><approvement_date>2020-06-03</approvement_date><determination_date>2020-06-03</determination_date></cost></information_object></object><object><cad_number>70:11:0100039:5760</cad_number><type>002001001000</type><information_object><cost><value>277728.4</value><cost_index>1110.91</cost_index><approvement_date>2020-06-03</approvement_date><determination_date>2020-06-03</determination_date></cost></information_object></object><object><cad_number>70:11:0100039:5753</cad_number><type>002001001000</type><information_object><cost><value>248844.65</value><cost_index>1110.91</cost_index><approvement_date>2020-06-03</approvement_date><determination_date>2020-06-03</determination_date></cost></information_object></object><object><cad_number>70:11:0100039:5710</cad_number><type>002001001000</type><information_object><cost><value>13737667.87</value><cost_index>355.9</cost_index><approvement_date>2020-06-03</approvement_date><determination_date>2020-06-03</determination_date></cost></information_object></object><object><cad_number>70:11:0100039:5743</cad_number><type>002001001000</type><information_object><cost><value>37827.34</value><cost_index>37827.34</cost_index><approvement_date>2020-06-03</approvement_date><determination_date>2020-06-03</determination_date></cost></information_object></object><object><cad_number>70:11:0100039:5717</cad_number><type>002001001000</type><information_object><cost><value>588116.84</value><cost_index>259.08</cost_index><approvement_date>2020-06-03</approvement_date><determination_date>2020-06-03</determination_date></cost></information_object></object><object><cad_number>70:11:0100039:5872</cad_number><type>002001001000</type><information_object><cost><value>10667864.46</value><cost_index>3886.29</cost_index><approvement_date>2020-06-03</approvement_date><determination_date>2020-06-03</determination_date></cost></information_object></object><object><cad_number>70:11:0100039:5854</cad_number><type>002001001000</type><information_object><cost><value>14169711.73</value><cost_index>5867.38</cost_index><approvement_date>2020-06-03</approvement_date><determination_date>2020-06-03</determination_date></cost></information_object></object><object><cad_number>70:11:0100039:5765</cad_number><type>002001001000</type><information_object><cost><value>11806547.26</value><cost_index>3886.29</cost_index><approvement_date>2020-06-03</approvement_date><determination_date>2020-06-03</determination_date></cost></information_object></object><object><cad_number>70:11:0100039:5864</cad_number><type>002001001000</type><information_object><cost><value>14173297.52</value><cost_index>3886.29</cost_index><approvement_date>2020-06-03</approvement_date><determination_date>2020-06-03</determination_date></cost></information_object></object><object><cad_number>70:11:0100039:5764</cad_number><type>002001001000</type><information_object><cost><value>37827.34</value><cost_index>37827.34</cost_index><approvement_date>2020-06-03</approvement_date><determination_date>2020-06-03</determination_date></cost></information_object></object><object><cad_number>70:11:0100039:5713</cad_number><type>002001001000</type><information_object><cost><value>1219686.61</value><cost_index>280.97</cost_index><approvement_date>2020-06-03</approvement_date><determination_date>2020-06-03</determination_date></cost></information_object></object><object><cad_number>70:11:0100039:5712</cad_number><type>002001001000</type><information_object><cost><value>396447.32</value><cost_index>280.97</cost_index><approvement_date>2020-06-03</approvement_date><determination_date>2020-06-03</determination_date></cost></information_object></object><object><cad_number>70:11:0100039:5766</cad_number><type>002001001000</type><information_object><cost><value>13155089.69</value><cost_index>3886.29</cost_index><approvement_date>2020-06-03</approvement_date><determination_date>2020-06-03</determination_date></cost></information_object></object><object><cad_number>70:11:0100039:5849</cad_number><type>002001001000</type><information_object><cost><value>14951721.29</value><cost_index>3886.29</cost_index><approvement_date>2020-06-03</approvement_date><determination_date>2020-06-03</determination_date></cost></information_object></object><object><cad_number>70:11:0100039:5761</cad_number><type>002001001000</type><information_object><cost><value>625666.55</value><cost_index>1110.91</cost_index><approvement_date>2020-06-03</approvement_date><determination_date>2020-06-03</determination_date></cost></information_object></object><object><cad_number>70:11:0100039:5770</cad_number><type>002001001000</type><information_object><cost><value>15545157.68</value><cost_index>3886.29</cost_index><approvement_date>2020-06-03</approvement_date><determination_date>2020-06-03</determination_date></cost></information_object></object></objects><document><document_code>558501030500</document_code><document_name>Акт определения кадастровой стоимости объектов недвижимости</document_name><document_number>2</document_number><document_date>2020-06-03</document_date><document_issuer>ОГБУ "ТОЦИК"</document_issuer></document></interact_entry_realty>
