<?xml version='1.0' encoding='UTF-8'?>
<interact_entry_realty guid="6518faa3-d674-11ea-9de6-d81265b52ffc" version="01">
    <objects><object><cad_number>70:11:0101003:4160</cad_number><type>002001001000</type><information_object><cost><value>3453470.67</value><cost_index>16251.63</cost_index><approvement_date>2020-06-03</approvement_date><determination_date>2020-06-03</determination_date></cost></information_object></object><object><cad_number>70:11:0101003:4173</cad_number><type>002001001000</type><information_object><cost><value>3270972.94</value><cost_index>21364.94</cost_index><approvement_date>2020-06-03</approvement_date><determination_date>2020-06-03</determination_date></cost></information_object></object><object><cad_number>70:11:0101003:4174</cad_number><type>002001001000</type><information_object><cost><value>1487469.23</value><cost_index>17256.02</cost_index><approvement_date>2020-06-03</approvement_date><determination_date>2020-06-03</determination_date></cost></information_object></object><object><cad_number>70:11:0101003:4119</cad_number><type>002001001000</type><information_object><cost><value>5250548.87</value><cost_index>19051.34</cost_index><approvement_date>2020-06-03</approvement_date><determination_date>2020-06-03</determination_date></cost></information_object></object><object><cad_number>70:11:0101003:4164</cad_number><type>002001001000</type><information_object><cost><value>4036145.24</value><cost_index>20312.76</cost_index><approvement_date>2020-06-03</approvement_date><determination_date>2020-06-03</determination_date></cost></information_object></object><object><cad_number>70:11:0101003:4132</cad_number><type>002001001000</type><information_object><cost><value>11858304.46</value><cost_index>16421.97</cost_index><approvement_date>2020-06-03</approvement_date><determination_date>2020-06-03</determination_date></cost></information_object></object><object><cad_number>70:11:0101003:4151</cad_number><type>002001001000</type><information_object><cost><value>1656232.52</value><cost_index>19978.68</cost_index><approvement_date>2020-06-03</approvement_date><determination_date>2020-06-03</determination_date></cost></information_object></object><object><cad_number>70:11:0101003:4133</cad_number><type>002001001000</type><information_object><cost><value>1942719.05</value><cost_index>16421.97</cost_index><approvement_date>2020-06-03</approvement_date><determination_date>2020-06-03</determination_date></cost></information_object></object><object><cad_number>70:11:0101003:4134</cad_number><type>002001001000</type><information_object><cost><value>1333463.96</value><cost_index>16421.97</cost_index><approvement_date>2020-06-03</approvement_date><determination_date>2020-06-03</determination_date></cost></information_object></object><object><cad_number>70:11:0101003:4153</cad_number><type>002001001000</type><information_object><cost><value>938229.88</value><cost_index>12296.59</cost_index><approvement_date>2020-06-03</approvement_date><determination_date>2020-06-03</determination_date></cost></information_object></object><object><cad_number>70:11:0101003:4138</cad_number><type>002001001000</type><information_object><cost><value>4072648.56</value><cost_index>16421.97</cost_index><approvement_date>2020-06-03</approvement_date><determination_date>2020-06-03</determination_date></cost></information_object></object><object><cad_number>70:11:0101003:4171</cad_number><type>002001001000</type><information_object><cost><value>386871.19</value><cost_index>13386.55</cost_index><approvement_date>2020-06-03</approvement_date><determination_date>2020-06-03</determination_date></cost></information_object></object><object><cad_number>70:11:0101003:4135</cad_number><type>002001001000</type><information_object><cost><value>2046177.46</value><cost_index>16421.97</cost_index><approvement_date>2020-06-03</approvement_date><determination_date>2020-06-03</determination_date></cost></information_object></object><object><cad_number>70:11:0101003:4110</cad_number><type>002001001000</type><information_object><cost><value>609632.23</value><cost_index>13398.51</cost_index><approvement_date>2020-06-03</approvement_date><determination_date>2020-06-03</determination_date></cost></information_object></object><object><cad_number>70:11:0101003:4136</cad_number><type>002001001000</type><information_object><cost><value>1583077.91</value><cost_index>16421.97</cost_index><approvement_date>2020-06-03</approvement_date><determination_date>2020-06-03</determination_date></cost></information_object></object><object><cad_number>70:11:0101003:4163</cad_number><type>002001001000</type><information_object><cost><value>559946.61</value><cost_index>13395.85</cost_index><approvement_date>2020-06-03</approvement_date><determination_date>2020-06-03</determination_date></cost></information_object></object><object><cad_number>70:11:0101003:4137</cad_number><type>002001001000</type><information_object><cost><value>880217.59</value><cost_index>16421.97</cost_index><approvement_date>2020-06-03</approvement_date><determination_date>2020-06-03</determination_date></cost></information_object></object><object><cad_number>70:11:0101003:4112</cad_number><type>002001001000</type><information_object><cost><value>979933.45</value><cost_index>20163.24</cost_index><approvement_date>2020-06-03</approvement_date><determination_date>2020-06-03</determination_date></cost></information_object></object><object><cad_number>70:11:0102021:180</cad_number><type>002001001000</type><information_object><cost><value>906954.34</value><cost_index>7886.56</cost_index><approvement_date>2020-06-03</approvement_date><determination_date>2020-06-03</determination_date></cost></information_object></object><object><cad_number>70:11:0102023:131</cad_number><type>002001001000</type><information_object><cost><value>1683260.26</value><cost_index>15499.63</cost_index><approvement_date>2020-06-03</approvement_date><determination_date>2020-06-03</determination_date></cost></information_object></object></objects><document><document_code>558501030500</document_code><document_name>Акт определения кадастровой стоимости объектов недвижимости</document_name><document_number>2</document_number><document_date>2020-06-03</document_date><document_issuer>ОГБУ "ТОЦИК"</document_issuer></document></interact_entry_realty>
