<?xml version='1.0' encoding='UTF-8'?>
<interact_entry_realty guid="64cd474b-d674-11ea-a6cd-d81265b52ffc" version="01">
    <objects><object><cad_number>70:10:0101005:1144</cad_number><type>002001001000</type><information_object><cost><value>1837778.27</value><cost_index>17207.66</cost_index><approvement_date>2020-06-03</approvement_date><determination_date>2020-06-03</determination_date></cost></information_object></object><object><cad_number>70:10:0101005:1145</cad_number><type>002001001000</type><information_object><cost><value>1109625.16</value><cost_index>19297.83</cost_index><approvement_date>2020-06-03</approvement_date><determination_date>2020-06-03</determination_date></cost></information_object></object><object><cad_number>70:10:0101005:1140</cad_number><type>002001001000</type><information_object><cost><value>348023.91</value><cost_index>11562.26</cost_index><approvement_date>2020-06-03</approvement_date><determination_date>2020-06-03</determination_date></cost></information_object></object><object><cad_number>70:10:0101006:662</cad_number><type>002001001000</type><information_object><cost><value>256232.89</value><cost_index>5903.98</cost_index><approvement_date>2020-06-03</approvement_date><determination_date>2020-06-03</determination_date></cost></information_object></object><object><cad_number>70:10:0101006:672</cad_number><type>002001001000</type><information_object><cost><value>192100.19</value><cost_index>6489.87</cost_index><approvement_date>2020-06-03</approvement_date><determination_date>2020-06-03</determination_date></cost></information_object></object><object><cad_number>70:10:0101006:674</cad_number><type>002001001000</type><information_object><cost><value>1232907.2</value><cost_index>18909.62</cost_index><approvement_date>2020-06-03</approvement_date><determination_date>2020-06-03</determination_date></cost></information_object></object><object><cad_number>70:10:0101006:663</cad_number><type>002001001000</type><information_object><cost><value>507935.85</value><cost_index>11570.29</cost_index><approvement_date>2020-06-03</approvement_date><determination_date>2020-06-03</determination_date></cost></information_object></object><object><cad_number>70:10:0101006:661</cad_number><type>002001001000</type><information_object><cost><value>429130.08</value><cost_index>11566.85</cost_index><approvement_date>2020-06-03</approvement_date><determination_date>2020-06-03</determination_date></cost></information_object></object><object><cad_number>70:10:0101007:276</cad_number><type>002001001000</type><information_object><cost><value>667874.05</value><cost_index>21202.35</cost_index><approvement_date>2020-06-03</approvement_date><determination_date>2020-06-03</determination_date></cost></information_object></object><object><cad_number>70:10:0102001:1066</cad_number><type>002001001000</type><information_object><cost><value>115410.27</value><cost_index>6204.85</cost_index><approvement_date>2020-06-03</approvement_date><determination_date>2020-06-03</determination_date></cost></information_object></object><object><cad_number>70:10:0102001:1062</cad_number><type>002001001000</type><information_object><cost><value>652172.07</value><cost_index>10158.44</cost_index><approvement_date>2020-06-03</approvement_date><determination_date>2020-06-03</determination_date></cost></information_object></object><object><cad_number>70:10:0102001:1060</cad_number><type>002001001000</type><information_object><cost><value>667409.73</value><cost_index>10158.44</cost_index><approvement_date>2020-06-03</approvement_date><determination_date>2020-06-03</determination_date></cost></information_object></object><object><cad_number>70:10:0102001:1061</cad_number><type>002001001000</type><information_object><cost><value>478130.65</value><cost_index>10151.39</cost_index><approvement_date>2020-06-03</approvement_date><determination_date>2020-06-03</determination_date></cost></information_object></object><object><cad_number>70:10:0102002:1167</cad_number><type>002001001000</type><information_object><cost><value>316456.05</value><cost_index>6565.48</cost_index><approvement_date>2020-06-03</approvement_date><determination_date>2020-06-03</determination_date></cost></information_object></object><object><cad_number>70:10:0102002:1166</cad_number><type>002001001000</type><information_object><cost><value>227827.83</value><cost_index>5695.7</cost_index><approvement_date>2020-06-03</approvement_date><determination_date>2020-06-03</determination_date></cost></information_object></object><object><cad_number>70:10:0102002:1171</cad_number><type>002001001000</type><information_object><cost><value>242684.8</value><cost_index>5696.83</cost_index><approvement_date>2020-06-03</approvement_date><determination_date>2020-06-03</determination_date></cost></information_object></object><object><cad_number>70:10:0102002:1183</cad_number><type>002001001000</type><information_object><cost><value>2316387.96</value><cost_index>14495.54</cost_index><approvement_date>2020-06-03</approvement_date><determination_date>2020-06-03</determination_date></cost></information_object></object><object><cad_number>70:10:0102002:1173</cad_number><type>002001001000</type><information_object><cost><value>157091.99</value><cost_index>5691.74</cost_index><approvement_date>2020-06-03</approvement_date><determination_date>2020-06-03</determination_date></cost></information_object></object><object><cad_number>70:10:0102002:1180</cad_number><type>002001001000</type><information_object><cost><value>265266.61</value><cost_index>5180.99</cost_index><approvement_date>2020-06-03</approvement_date><determination_date>2020-06-03</determination_date></cost></information_object></object><object><cad_number>70:10:0102002:1181</cad_number><type>002001001000</type><information_object><cost><value>309066.19</value><cost_index>6108.03</cost_index><approvement_date>2020-06-03</approvement_date><determination_date>2020-06-03</determination_date></cost></information_object></object></objects><document><document_code>558501030500</document_code><document_name>Акт определения кадастровой стоимости объектов недвижимости</document_name><document_number>2</document_number><document_date>2020-06-03</document_date><document_issuer>ОГБУ "ТОЦИК"</document_issuer></document></interact_entry_realty>
