<?xml version='1.0' encoding='UTF-8'?>
<interact_entry_realty guid="64f459c9-d674-11ea-98c9-d81265b52ffc" version="01">
    <objects><object><cad_number>70:11:0100012:1045</cad_number><type>002001001000</type><information_object><cost><value>1137217.63</value><cost_index>10628.2</cost_index><approvement_date>2020-06-03</approvement_date><determination_date>2020-06-03</determination_date></cost></information_object></object><object><cad_number>70:11:0100012:1051</cad_number><type>002001001000</type><information_object><cost><value>453465.47</value><cost_index>11568.0</cost_index><approvement_date>2020-06-03</approvement_date><determination_date>2020-06-03</determination_date></cost></information_object></object><object><cad_number>70:11:0100016:1199</cad_number><type>002001001000</type><information_object><cost><value>215190.46</value><cost_index>7173.02</cost_index><approvement_date>2020-06-03</approvement_date><determination_date>2020-06-03</determination_date></cost></information_object></object><object><cad_number>70:11:0100016:1202</cad_number><type>002001001000</type><information_object><cost><value>1101295.32</value><cost_index>19053.55</cost_index><approvement_date>2020-06-03</approvement_date><determination_date>2020-06-03</determination_date></cost></information_object></object><object><cad_number>70:11:0100016:1200</cad_number><type>002001001000</type><information_object><cost><value>670368.61</value><cost_index>12793.29</cost_index><approvement_date>2020-06-03</approvement_date><determination_date>2020-06-03</determination_date></cost></information_object></object><object><cad_number>70:11:0100018:273</cad_number><type>002001001000</type><information_object><cost><value>255140.33</value><cost_index>6696.6</cost_index><approvement_date>2020-06-03</approvement_date><determination_date>2020-06-03</determination_date></cost></information_object></object><object><cad_number>70:11:0100018:272</cad_number><type>002001001000</type><information_object><cost><value>271989.76</value><cost_index>5887.22</cost_index><approvement_date>2020-06-03</approvement_date><determination_date>2020-06-03</determination_date></cost></information_object></object><object><cad_number>70:11:0100019:173</cad_number><type>002001001000</type><information_object><cost><value>333467.21</value><cost_index>4066.67</cost_index><approvement_date>2020-06-03</approvement_date><determination_date>2020-06-03</determination_date></cost></information_object></object><object><cad_number>70:11:0100020:742</cad_number><type>002001001000</type><information_object><cost><value>1754732.3</value><cost_index>15501.17</cost_index><approvement_date>2020-06-03</approvement_date><determination_date>2020-06-03</determination_date></cost></information_object></object><object><cad_number>70:11:0100020:732</cad_number><type>002001001000</type><information_object><cost><value>1875480.32</value><cost_index>15347.63</cost_index><approvement_date>2020-06-03</approvement_date><determination_date>2020-06-03</determination_date></cost></information_object></object><object><cad_number>70:11:0100020:735</cad_number><type>002001001000</type><information_object><cost><value>395115.42</value><cost_index>15138.52</cost_index><approvement_date>2020-06-03</approvement_date><determination_date>2020-06-03</determination_date></cost></information_object></object><object><cad_number>70:11:0100020:736</cad_number><type>002001001000</type><information_object><cost><value>361565.28</value><cost_index>16509.83</cost_index><approvement_date>2020-06-03</approvement_date><determination_date>2020-06-03</determination_date></cost></information_object></object><object><cad_number>70:11:0100020:740</cad_number><type>002001001000</type><information_object><cost><value>717927.6</value><cost_index>11579.48</cost_index><approvement_date>2020-06-03</approvement_date><determination_date>2020-06-03</determination_date></cost></information_object></object><object><cad_number>70:11:0100020:741</cad_number><type>002001001000</type><information_object><cost><value>723717.34</value><cost_index>11579.48</cost_index><approvement_date>2020-06-03</approvement_date><determination_date>2020-06-03</determination_date></cost></information_object></object><object><cad_number>70:11:0100023:475</cad_number><type>002001001000</type><information_object><cost><value>605323.18</value><cost_index>10156.43</cost_index><approvement_date>2020-06-03</approvement_date><determination_date>2020-06-03</determination_date></cost></information_object></object><object><cad_number>70:11:0100023:478</cad_number><type>002001001000</type><information_object><cost><value>206759.72</value><cost_index>10135.28</cost_index><approvement_date>2020-06-03</approvement_date><determination_date>2020-06-03</determination_date></cost></information_object></object><object><cad_number>70:11:0100023:477</cad_number><type>002001001000</type><information_object><cost><value>210813.83</value><cost_index>10135.28</cost_index><approvement_date>2020-06-03</approvement_date><determination_date>2020-06-03</determination_date></cost></information_object></object><object><cad_number>70:11:0100023:479</cad_number><type>002001001000</type><information_object><cost><value>206759.72</value><cost_index>10135.28</cost_index><approvement_date>2020-06-03</approvement_date><determination_date>2020-06-03</determination_date></cost></information_object></object><object><cad_number>70:11:0100023:480</cad_number><type>002001001000</type><information_object><cost><value>252443.71</value><cost_index>10138.3</cost_index><approvement_date>2020-06-03</approvement_date><determination_date>2020-06-03</determination_date></cost></information_object></object><object><cad_number>70:11:0100023:476</cad_number><type>002001001000</type><information_object><cost><value>247374.56</value><cost_index>10138.3</cost_index><approvement_date>2020-06-03</approvement_date><determination_date>2020-06-03</determination_date></cost></information_object></object></objects><document><document_code>558501030500</document_code><document_name>Акт определения кадастровой стоимости объектов недвижимости</document_name><document_number>2</document_number><document_date>2020-06-03</document_date><document_issuer>ОГБУ "ТОЦИК"</document_issuer></document></interact_entry_realty>
