<?xml version='1.0' encoding='UTF-8'?>
<interact_entry_realty guid="64b13169-d674-11ea-ad54-d81265b52ffc" version="01">
    <objects><object><cad_number>70:09:0103002:1169</cad_number><type>002001001000</type><information_object><cost><value>669171.9</value><cost_index>10970.03</cost_index><approvement_date>2020-06-03</approvement_date><determination_date>2020-06-03</determination_date></cost></information_object></object><object><cad_number>70:09:0103002:1168</cad_number><type>002001001000</type><information_object><cost><value>320912.03</value><cost_index>10952.63</cost_index><approvement_date>2020-06-03</approvement_date><determination_date>2020-06-03</determination_date></cost></information_object></object><object><cad_number>70:09:0103002:1158</cad_number><type>002001001000</type><information_object><cost><value>574601.66</value><cost_index>10965.68</cost_index><approvement_date>2020-06-03</approvement_date><determination_date>2020-06-03</determination_date></cost></information_object></object><object><cad_number>70:09:0103002:1170</cad_number><type>002001001000</type><information_object><cost><value>518460.06</value><cost_index>12583.98</cost_index><approvement_date>2020-06-03</approvement_date><determination_date>2020-06-03</determination_date></cost></information_object></object><object><cad_number>70:09:0103003:752</cad_number><type>002001001000</type><information_object><cost><value>301066.02</value><cost_index>5596.02</cost_index><approvement_date>2020-06-03</approvement_date><determination_date>2020-06-03</determination_date></cost></information_object></object><object><cad_number>70:09:0103003:753</cad_number><type>002001001000</type><information_object><cost><value>289845.22</value><cost_index>5595.47</cost_index><approvement_date>2020-06-03</approvement_date><determination_date>2020-06-03</determination_date></cost></information_object></object><object><cad_number>70:09:0103003:757</cad_number><type>002001001000</type><information_object><cost><value>459234.15</value><cost_index>10960.24</cost_index><approvement_date>2020-06-03</approvement_date><determination_date>2020-06-03</determination_date></cost></information_object></object><object><cad_number>70:09:0103003:754</cad_number><type>002001001000</type><information_object><cost><value>487827.58</value><cost_index>10962.42</cost_index><approvement_date>2020-06-03</approvement_date><determination_date>2020-06-03</determination_date></cost></information_object></object><object><cad_number>70:09:0103003:756</cad_number><type>002001001000</type><information_object><cost><value>695499.98</value><cost_index>10970.03</cost_index><approvement_date>2020-06-03</approvement_date><determination_date>2020-06-03</determination_date></cost></information_object></object><object><cad_number>70:10:0100003:255</cad_number><type>002001001000</type><information_object><cost><value>148919.11</value><cost_index>2640.41</cost_index><approvement_date>2020-06-03</approvement_date><determination_date>2020-06-03</determination_date></cost></information_object></object><object><cad_number>70:10:0100004:312</cad_number><type>002001001000</type><information_object><cost><value>137659.16</value><cost_index>3450.1</cost_index><approvement_date>2020-06-03</approvement_date><determination_date>2020-06-03</determination_date></cost></information_object></object><object><cad_number>70:10:0100006:160</cad_number><type>002001001000</type><information_object><cost><value>111102.62</value><cost_index>3043.91</cost_index><approvement_date>2020-06-03</approvement_date><determination_date>2020-06-03</determination_date></cost></information_object></object><object><cad_number>70:10:0100011:234</cad_number><type>002001001000</type><information_object><cost><value>242558.33</value><cost_index>5414.25</cost_index><approvement_date>2020-06-03</approvement_date><determination_date>2020-06-03</determination_date></cost></information_object></object><object><cad_number>70:10:0100013:266</cad_number><type>002001001000</type><information_object><cost><value>182839.67</value><cost_index>3047.33</cost_index><approvement_date>2020-06-03</approvement_date><determination_date>2020-06-03</determination_date></cost></information_object></object><object><cad_number>70:10:0100013:268</cad_number><type>002001001000</type><information_object><cost><value>92704.77</value><cost_index>3346.74</cost_index><approvement_date>2020-06-03</approvement_date><determination_date>2020-06-03</determination_date></cost></information_object></object><object><cad_number>70:10:0100013:264</cad_number><type>002001001000</type><information_object><cost><value>100012.33</value><cost_index>3279.09</cost_index><approvement_date>2020-06-03</approvement_date><determination_date>2020-06-03</determination_date></cost></information_object></object><object><cad_number>70:10:0100015:524</cad_number><type>002001001000</type><information_object><cost><value>519032.37</value><cost_index>6892.86</cost_index><approvement_date>2020-06-03</approvement_date><determination_date>2020-06-03</determination_date></cost></information_object></object><object><cad_number>70:10:0100015:523</cad_number><type>002001001000</type><information_object><cost><value>749306.5</value><cost_index>6899.69</cost_index><approvement_date>2020-06-03</approvement_date><determination_date>2020-06-03</determination_date></cost></information_object></object><object><cad_number>70:10:0100016:541</cad_number><type>002001001000</type><information_object><cost><value>284835.76</value><cost_index>5685.34</cost_index><approvement_date>2020-06-03</approvement_date><determination_date>2020-06-03</determination_date></cost></information_object></object><object><cad_number>70:10:0100016:538</cad_number><type>002001001000</type><information_object><cost><value>359491.99</value><cost_index>5688.16</cost_index><approvement_date>2020-06-03</approvement_date><determination_date>2020-06-03</determination_date></cost></information_object></object></objects><document><document_code>558501030500</document_code><document_name>Акт определения кадастровой стоимости объектов недвижимости</document_name><document_number>2</document_number><document_date>2020-06-03</document_date><document_issuer>ОГБУ "ТОЦИК"</document_issuer></document></interact_entry_realty>
