<?xml version='1.0' encoding='UTF-8'?>
<interact_entry_realty guid="65685841-d674-11ea-8a50-d81265b52ffc" version="01">
    <objects><object><cad_number>70:11:0100039:5792</cad_number><type>002001001000</type><information_object><cost><value>11969771.42</value><cost_index>3886.29</cost_index><approvement_date>2020-06-03</approvement_date><determination_date>2020-06-03</determination_date></cost></information_object></object><object><cad_number>70:11:0100039:5787</cad_number><type>002001001000</type><information_object><cost><value>5578705.78</value><cost_index>3719.14</cost_index><approvement_date>2020-06-03</approvement_date><determination_date>2020-06-03</determination_date></cost></information_object></object><object><cad_number>70:11:0100039:5877</cad_number><type>002001001000</type><information_object><cost><value>19720671.36</value><cost_index>355.9</cost_index><approvement_date>2020-06-03</approvement_date><determination_date>2020-06-03</determination_date></cost></information_object></object><object><cad_number>70:11:0100039:5878</cad_number><type>002001001000</type><information_object><cost><value>82906015.24</value><cost_index>5867.38</cost_index><approvement_date>2020-06-03</approvement_date><determination_date>2020-06-03</determination_date></cost></information_object></object><object><cad_number>70:11:0100039:5830</cad_number><type>002001001000</type><information_object><cost><value>14841739.3</value><cost_index>3886.29</cost_index><approvement_date>2020-06-03</approvement_date><determination_date>2020-06-03</determination_date></cost></information_object></object><object><cad_number>70:11:0100039:5711</cad_number><type>002001001000</type><information_object><cost><value>712537.49</value><cost_index>280.97</cost_index><approvement_date>2020-06-03</approvement_date><determination_date>2020-06-03</determination_date></cost></information_object></object><object><cad_number>70:11:0100039:5848</cad_number><type>002001001000</type><information_object><cost><value>15766676.18</value><cost_index>3886.29</cost_index><approvement_date>2020-06-03</approvement_date><determination_date>2020-06-03</determination_date></cost></information_object></object><object><cad_number>70:11:0100039:5741</cad_number><type>002001001000</type><information_object><cost><value>37827.34</value><cost_index>37827.34</cost_index><approvement_date>2020-06-03</approvement_date><determination_date>2020-06-03</determination_date></cost></information_object></object><object><cad_number>70:11:0100039:5752</cad_number><type>002001001000</type><information_object><cost><value>99982.23</value><cost_index>1110.91</cost_index><approvement_date>2020-06-03</approvement_date><determination_date>2020-06-03</determination_date></cost></information_object></object><object><cad_number>70:11:0100039:5871</cad_number><type>002001001000</type><information_object><cost><value>10329757.28</value><cost_index>3886.29</cost_index><approvement_date>2020-06-03</approvement_date><determination_date>2020-06-03</determination_date></cost></information_object></object><object><cad_number>70:11:0100039:5831</cad_number><type>002001001000</type><information_object><cost><value>14573585.33</value><cost_index>3886.29</cost_index><approvement_date>2020-06-03</approvement_date><determination_date>2020-06-03</determination_date></cost></information_object></object><object><cad_number>70:11:0100039:5763</cad_number><type>002001001000</type><information_object><cost><value>37827.34</value><cost_index>37827.34</cost_index><approvement_date>2020-06-03</approvement_date><determination_date>2020-06-03</determination_date></cost></information_object></object><object><cad_number>70:11:0101002:4325</cad_number><type>002001001000</type><information_object><cost><value>28135.66</value><cost_index>639.45</cost_index><approvement_date>2020-06-03</approvement_date><determination_date>2020-06-03</determination_date></cost></information_object></object><object><cad_number>70:11:0101002:4338</cad_number><type>002001001000</type><information_object><cost><value>32974.58</value><cost_index>329.75</cost_index><approvement_date>2020-06-03</approvement_date><determination_date>2020-06-03</determination_date></cost></information_object></object><object><cad_number>70:11:0101003:4118</cad_number><type>002001001000</type><information_object><cost><value>19183.4</value><cost_index>639.45</cost_index><approvement_date>2020-06-03</approvement_date><determination_date>2020-06-03</determination_date></cost></information_object></object><object><cad_number>70:11:0101003:4159</cad_number><type>002001001000</type><information_object><cost><value>74350.28</value><cost_index>74350.28</cost_index><approvement_date>2020-06-03</approvement_date><determination_date>2020-06-03</determination_date></cost></information_object></object></objects><document><document_code>558501030500</document_code><document_name>Акт определения кадастровой стоимости объектов недвижимости</document_name><document_number>2</document_number><document_date>2020-06-03</document_date><document_issuer>ОГБУ "ТОЦИК"</document_issuer></document></interact_entry_realty>
