<?xml version='1.0' encoding='UTF-8'?>
<interact_entry_realty guid="6547611d-d674-11ea-ae68-d81265b52ffc" version="01">
    <objects><object><cad_number>70:11:0100038:13294</cad_number><type>002001001000</type><information_object><cost><value>10046835.41</value><cost_index>3886.29</cost_index><approvement_date>2020-06-03</approvement_date><determination_date>2020-06-03</determination_date></cost></information_object></object><object><cad_number>70:11:0100038:13436</cad_number><type>002001001000</type><information_object><cost><value>9155039.08</value><cost_index>1110.91</cost_index><approvement_date>2020-06-03</approvement_date><determination_date>2020-06-03</determination_date></cost></information_object></object><object><cad_number>70:11:0100038:13427</cad_number><type>002001001000</type><information_object><cost><value>598782.44</value><cost_index>1110.91</cost_index><approvement_date>2020-06-03</approvement_date><determination_date>2020-06-03</determination_date></cost></information_object></object><object><cad_number>70:11:0100038:13266</cad_number><type>002001001000</type><information_object><cost><value>10081034.76</value><cost_index>3886.29</cost_index><approvement_date>2020-06-03</approvement_date><determination_date>2020-06-03</determination_date></cost></information_object></object><object><cad_number>70:11:0100038:13425</cad_number><type>002001001000</type><information_object><cost><value>11449008.63</value><cost_index>3886.29</cost_index><approvement_date>2020-06-03</approvement_date><determination_date>2020-06-03</determination_date></cost></information_object></object><object><cad_number>70:11:0100039:5869</cad_number><type>002001001000</type><information_object><cost><value>9917810.6</value><cost_index>3886.29</cost_index><approvement_date>2020-06-03</approvement_date><determination_date>2020-06-03</determination_date></cost></information_object></object><object><cad_number>70:11:0100039:5879</cad_number><type>002001001000</type><information_object><cost><value>39335.67</value><cost_index>280.97</cost_index><approvement_date>2020-06-03</approvement_date><determination_date>2020-06-03</determination_date></cost></information_object></object><object><cad_number>70:11:0100039:5769</cad_number><type>002001001000</type><information_object><cost><value>12939224.55</value><cost_index>5331.37</cost_index><approvement_date>2020-06-03</approvement_date><determination_date>2020-06-03</determination_date></cost></information_object></object><object><cad_number>70:11:0100039:5855</cad_number><type>002001001000</type><information_object><cost><value>20964132.52</value><cost_index>5867.38</cost_index><approvement_date>2020-06-03</approvement_date><determination_date>2020-06-03</determination_date></cost></information_object></object><object><cad_number>70:11:0100039:5705</cad_number><type>002001001000</type><information_object><cost><value>15587241.72</value><cost_index>3698.04</cost_index><approvement_date>2020-06-03</approvement_date><determination_date>2020-06-03</determination_date></cost></information_object></object><object><cad_number>70:11:0100039:5759</cad_number><type>002001001000</type><information_object><cost><value>37827.34</value><cost_index>37827.34</cost_index><approvement_date>2020-06-03</approvement_date><determination_date>2020-06-03</determination_date></cost></information_object></object><object><cad_number>70:11:0100039:5704</cad_number><type>002001001000</type><information_object><cost><value>12436511.01</value><cost_index>3698.04</cost_index><approvement_date>2020-06-03</approvement_date><determination_date>2020-06-03</determination_date></cost></information_object></object><object><cad_number>70:11:0100039:5716</cad_number><type>002001001000</type><information_object><cost><value>15657860.08</value><cost_index>3886.29</cost_index><approvement_date>2020-06-03</approvement_date><determination_date>2020-06-03</determination_date></cost></information_object></object><object><cad_number>70:11:0100039:5709</cad_number><type>002001001000</type><information_object><cost><value>12705563.29</value><cost_index>355.9</cost_index><approvement_date>2020-06-03</approvement_date><determination_date>2020-06-03</determination_date></cost></information_object></object><object><cad_number>70:11:0100039:5751</cad_number><type>002001001000</type><information_object><cost><value>7500480.2</value><cost_index>364.74</cost_index><approvement_date>2020-06-03</approvement_date><determination_date>2020-06-03</determination_date></cost></information_object></object><object><cad_number>70:11:0100039:5718</cad_number><type>002001001000</type><information_object><cost><value>88786.22</value><cost_index>280.97</cost_index><approvement_date>2020-06-03</approvement_date><determination_date>2020-06-03</determination_date></cost></information_object></object><object><cad_number>70:11:0100039:5865</cad_number><type>002001001000</type><information_object><cost><value>16205826.89</value><cost_index>3886.29</cost_index><approvement_date>2020-06-03</approvement_date><determination_date>2020-06-03</determination_date></cost></information_object></object><object><cad_number>70:11:0100039:5870</cad_number><type>002001001000</type><information_object><cost><value>9917810.6</value><cost_index>3886.29</cost_index><approvement_date>2020-06-03</approvement_date><determination_date>2020-06-03</determination_date></cost></information_object></object><object><cad_number>70:11:0100039:5740</cad_number><type>002001001000</type><information_object><cost><value>37827.34</value><cost_index>37827.34</cost_index><approvement_date>2020-06-03</approvement_date><determination_date>2020-06-03</determination_date></cost></information_object></object><object><cad_number>70:11:0100039:5762</cad_number><type>002001001000</type><information_object><cost><value>459918.24</value><cost_index>1110.91</cost_index><approvement_date>2020-06-03</approvement_date><determination_date>2020-06-03</determination_date></cost></information_object></object></objects><document><document_code>558501030500</document_code><document_name>Акт определения кадастровой стоимости объектов недвижимости</document_name><document_number>2</document_number><document_date>2020-06-03</document_date><document_issuer>ОГБУ "ТОЦИК"</document_issuer></document></interact_entry_realty>
