<?xml version='1.0' encoding='UTF-8'?>
<interact_entry_realty guid="648c9094-d674-11ea-afd8-d81265b52ffc" version="01">
    <objects><object><cad_number>70:09:0100001:337</cad_number><type>002001001000</type><information_object><cost><value>14470.64</value><cost_index>702.46</cost_index><approvement_date>2020-06-03</approvement_date><determination_date>2020-06-03</determination_date></cost></information_object></object><object><cad_number>70:09:0100001:338</cad_number><type>002001001000</type><information_object><cost><value>17898.35</value><cost_index>868.85</cost_index><approvement_date>2020-06-03</approvement_date><determination_date>2020-06-03</determination_date></cost></information_object></object><object><cad_number>70:09:0100002:474</cad_number><type>002001001000</type><information_object><cost><value>305637.89</value><cost_index>5888.98</cost_index><approvement_date>2020-06-03</approvement_date><determination_date>2020-06-03</determination_date></cost></information_object></object><object><cad_number>70:09:0100007:674</cad_number><type>002001001000</type><information_object><cost><value>487947.72</value><cost_index>8530.55</cost_index><approvement_date>2020-06-03</approvement_date><determination_date>2020-06-03</determination_date></cost></information_object></object><object><cad_number>70:09:0100007:675</cad_number><type>002001001000</type><information_object><cost><value>457192.38</value><cost_index>8529.71</cost_index><approvement_date>2020-06-03</approvement_date><determination_date>2020-06-03</determination_date></cost></information_object></object><object><cad_number>70:09:0100013:426</cad_number><type>002001001000</type><information_object><cost><value>851844.94</value><cost_index>10503.64</cost_index><approvement_date>2020-06-03</approvement_date><determination_date>2020-06-03</determination_date></cost></information_object></object><object><cad_number>70:09:0100014:280</cad_number><type>002001001000</type><information_object><cost><value>227483.81</value><cost_index>3628.13</cost_index><approvement_date>2020-06-03</approvement_date><determination_date>2020-06-03</determination_date></cost></information_object></object><object><cad_number>70:09:0100014:279</cad_number><type>002001001000</type><information_object><cost><value>264073.03</value><cost_index>4266.12</cost_index><approvement_date>2020-06-03</approvement_date><determination_date>2020-06-03</determination_date></cost></information_object></object><object><cad_number>70:09:0100018:683</cad_number><type>002001001000</type><information_object><cost><value>1611710.28</value><cost_index>11850.81</cost_index><approvement_date>2020-06-03</approvement_date><determination_date>2020-06-03</determination_date></cost></information_object></object><object><cad_number>70:09:0100018:685</cad_number><type>002001001000</type><information_object><cost><value>381596.08</value><cost_index>11850.81</cost_index><approvement_date>2020-06-03</approvement_date><determination_date>2020-06-03</determination_date></cost></information_object></object><object><cad_number>70:09:0100018:684</cad_number><type>002001001000</type><information_object><cost><value>400557.38</value><cost_index>11850.81</cost_index><approvement_date>2020-06-03</approvement_date><determination_date>2020-06-03</determination_date></cost></information_object></object><object><cad_number>70:09:0100018:688</cad_number><type>002001001000</type><information_object><cost><value>47403.24</value><cost_index>11850.81</cost_index><approvement_date>2020-06-03</approvement_date><determination_date>2020-06-03</determination_date></cost></information_object></object><object><cad_number>70:09:0100018:686</cad_number><type>002001001000</type><information_object><cost><value>381596.08</value><cost_index>11850.81</cost_index><approvement_date>2020-06-03</approvement_date><determination_date>2020-06-03</determination_date></cost></information_object></object><object><cad_number>70:09:0100018:687</cad_number><type>002001001000</type><information_object><cost><value>400557.38</value><cost_index>11850.81</cost_index><approvement_date>2020-06-03</approvement_date><determination_date>2020-06-03</determination_date></cost></information_object></object><object><cad_number>70:09:0101001:2796</cad_number><type>002001001000</type><information_object><cost><value>1928855.04</value><cost_index>18335.12</cost_index><approvement_date>2020-06-03</approvement_date><determination_date>2020-06-03</determination_date></cost></information_object></object><object><cad_number>70:09:0101001:2813</cad_number><type>002001001000</type><information_object><cost><value>1762565.49</value><cost_index>18871.15</cost_index><approvement_date>2020-06-03</approvement_date><determination_date>2020-06-03</determination_date></cost></information_object></object><object><cad_number>70:09:0101001:2816</cad_number><type>002001001000</type><information_object><cost><value>2077804.45</value><cost_index>18718.96</cost_index><approvement_date>2020-06-03</approvement_date><determination_date>2020-06-03</determination_date></cost></information_object></object><object><cad_number>70:09:0101001:2792</cad_number><type>002001001000</type><information_object><cost><value>571430.95</value><cost_index>24630.64</cost_index><approvement_date>2020-06-03</approvement_date><determination_date>2020-06-03</determination_date></cost></information_object></object><object><cad_number>70:09:0101001:2806</cad_number><type>002001001000</type><information_object><cost><value>397431.93</value><cost_index>9417.82</cost_index><approvement_date>2020-06-03</approvement_date><determination_date>2020-06-03</determination_date></cost></information_object></object><object><cad_number>70:09:0101001:2799</cad_number><type>002001001000</type><information_object><cost><value>1357511.64</value><cost_index>20568.36</cost_index><approvement_date>2020-06-03</approvement_date><determination_date>2020-06-03</determination_date></cost></information_object></object></objects><document><document_code>558501030500</document_code><document_name>Акт определения кадастровой стоимости объектов недвижимости</document_name><document_number>2</document_number><document_date>2020-06-03</document_date><document_issuer>ОГБУ "ТОЦИК"</document_issuer></document></interact_entry_realty>
