<?xml version='1.0' encoding='UTF-8'?>
<interact_entry_realty guid="64bfd86f-d674-11ea-92e8-d81265b52ffc" version="01">
    <objects><object><cad_number>70:10:0100017:647</cad_number><type>002001001000</type><information_object><cost><value>442077.12</value><cost_index>11482.52</cost_index><approvement_date>2020-06-03</approvement_date><determination_date>2020-06-03</determination_date></cost></information_object></object><object><cad_number>70:10:0100018:461</cad_number><type>002001001000</type><information_object><cost><value>467619.59</value><cost_index>9543.26</cost_index><approvement_date>2020-06-03</approvement_date><determination_date>2020-06-03</determination_date></cost></information_object></object><object><cad_number>70:10:0100018:462</cad_number><type>002001001000</type><information_object><cost><value>420732.39</value><cost_index>9540.42</cost_index><approvement_date>2020-06-03</approvement_date><determination_date>2020-06-03</determination_date></cost></information_object></object><object><cad_number>70:10:0100018:463</cad_number><type>002001001000</type><information_object><cost><value>380587.09</value><cost_index>9538.52</cost_index><approvement_date>2020-06-03</approvement_date><determination_date>2020-06-03</determination_date></cost></information_object></object><object><cad_number>70:10:0100018:460</cad_number><type>002001001000</type><information_object><cost><value>458985.12</value><cost_index>9542.31</cost_index><approvement_date>2020-06-03</approvement_date><determination_date>2020-06-03</determination_date></cost></information_object></object><object><cad_number>70:10:0100019:1128</cad_number><type>002001001000</type><information_object><cost><value>2575658.21</value><cost_index>15115.37</cost_index><approvement_date>2020-06-03</approvement_date><determination_date>2020-06-03</determination_date></cost></information_object></object><object><cad_number>70:10:0100019:1130</cad_number><type>002001001000</type><information_object><cost><value>557477.39</value><cost_index>10154.42</cost_index><approvement_date>2020-06-03</approvement_date><determination_date>2020-06-03</determination_date></cost></information_object></object><object><cad_number>70:10:0101001:3047</cad_number><type>002001001000</type><information_object><cost><value>1049652.17</value><cost_index>7030.49</cost_index><approvement_date>2020-06-03</approvement_date><determination_date>2020-06-03</determination_date></cost></information_object></object><object><cad_number>70:10:0101001:3020</cad_number><type>002001001000</type><information_object><cost><value>2201078.2</value><cost_index>16866.5</cost_index><approvement_date>2020-06-03</approvement_date><determination_date>2020-06-03</determination_date></cost></information_object></object><object><cad_number>70:10:0101001:3044</cad_number><type>002001001000</type><information_object><cost><value>1591560.3</value><cost_index>19315.05</cost_index><approvement_date>2020-06-03</approvement_date><determination_date>2020-06-03</determination_date></cost></information_object></object><object><cad_number>70:10:0101001:3039</cad_number><type>002001001000</type><information_object><cost><value>1059217.32</value><cost_index>8782.9</cost_index><approvement_date>2020-06-03</approvement_date><determination_date>2020-06-03</determination_date></cost></information_object></object><object><cad_number>70:10:0101001:3050</cad_number><type>002001001000</type><information_object><cost><value>2930713.02</value><cost_index>14749.44</cost_index><approvement_date>2020-06-03</approvement_date><determination_date>2020-06-03</determination_date></cost></information_object></object><object><cad_number>70:10:0101001:3052</cad_number><type>002001001000</type><information_object><cost><value>1760169.48</value><cost_index>17205.96</cost_index><approvement_date>2020-06-03</approvement_date><determination_date>2020-06-03</determination_date></cost></information_object></object><object><cad_number>70:10:0101001:3027</cad_number><type>002001001000</type><information_object><cost><value>2409258.87</value><cost_index>17221.29</cost_index><approvement_date>2020-06-03</approvement_date><determination_date>2020-06-03</determination_date></cost></information_object></object><object><cad_number>70:10:0101001:3016</cad_number><type>002001001000</type><information_object><cost><value>498679.62</value><cost_index>11570.29</cost_index><approvement_date>2020-06-03</approvement_date><determination_date>2020-06-03</determination_date></cost></information_object></object><object><cad_number>70:10:0101001:3049</cad_number><type>002001001000</type><information_object><cost><value>1204413.78</value><cost_index>10630.31</cost_index><approvement_date>2020-06-03</approvement_date><determination_date>2020-06-03</determination_date></cost></information_object></object><object><cad_number>70:10:0101001:3032</cad_number><type>002001001000</type><information_object><cost><value>242798.99</value><cost_index>2019.96</cost_index><approvement_date>2020-06-03</approvement_date><determination_date>2020-06-03</determination_date></cost></information_object></object><object><cad_number>70:10:0101001:3043</cad_number><type>002001001000</type><information_object><cost><value>373502.58</value><cost_index>4249.18</cost_index><approvement_date>2020-06-03</approvement_date><determination_date>2020-06-03</determination_date></cost></information_object></object><object><cad_number>70:10:0101003:1278</cad_number><type>002001001000</type><information_object><cost><value>322025.46</value><cost_index>8656.6</cost_index><approvement_date>2020-06-03</approvement_date><determination_date>2020-06-03</determination_date></cost></information_object></object><object><cad_number>70:10:0101004:1181</cad_number><type>002001001000</type><information_object><cost><value>980922.78</value><cost_index>18900.25</cost_index><approvement_date>2020-06-03</approvement_date><determination_date>2020-06-03</determination_date></cost></information_object></object></objects><document><document_code>558501030500</document_code><document_name>Акт определения кадастровой стоимости объектов недвижимости</document_name><document_number>2</document_number><document_date>2020-06-03</document_date><document_issuer>ОГБУ "ТОЦИК"</document_issuer></document></interact_entry_realty>
