<?xml version='1.0' encoding='UTF-8'?>
<interact_entry_realty guid="64a4fc24-d674-11ea-92f9-d81265b52ffc" version="01">
    <objects><object><cad_number>70:09:0101005:1306</cad_number><type>002001001000</type><information_object><cost><value>1501573.55</value><cost_index>21001.03</cost_index><approvement_date>2020-06-03</approvement_date><determination_date>2020-06-03</determination_date></cost></information_object></object><object><cad_number>70:09:0101005:1313</cad_number><type>002001001000</type><information_object><cost><value>445477.66</value><cost_index>6428.25</cost_index><approvement_date>2020-06-03</approvement_date><determination_date>2020-06-03</determination_date></cost></information_object></object><object><cad_number>70:09:0101005:1323</cad_number><type>002001001000</type><information_object><cost><value>2983008.83</value><cost_index>18737.49</cost_index><approvement_date>2020-06-03</approvement_date><determination_date>2020-06-03</determination_date></cost></information_object></object><object><cad_number>70:09:0101005:1316</cad_number><type>002001001000</type><information_object><cost><value>466773.07</value><cost_index>12581.48</cost_index><approvement_date>2020-06-03</approvement_date><determination_date>2020-06-03</determination_date></cost></information_object></object><object><cad_number>70:09:0101006:484</cad_number><type>002001001000</type><information_object><cost><value>366302.86</value><cost_index>19279.1</cost_index><approvement_date>2020-06-03</approvement_date><determination_date>2020-06-03</determination_date></cost></information_object></object><object><cad_number>70:09:0102001:1292</cad_number><type>002001001000</type><information_object><cost><value>1735381.44</value><cost_index>19586.7</cost_index><approvement_date>2020-06-03</approvement_date><determination_date>2020-06-03</determination_date></cost></information_object></object><object><cad_number>70:09:0102001:1291</cad_number><type>002001001000</type><information_object><cost><value>673466.98</value><cost_index>11983.4</cost_index><approvement_date>2020-06-03</approvement_date><determination_date>2020-06-03</determination_date></cost></information_object></object><object><cad_number>70:09:0102002:657</cad_number><type>002001001000</type><information_object><cost><value>3869069.14</value><cost_index>17134.94</cost_index><approvement_date>2020-06-03</approvement_date><determination_date>2020-06-03</determination_date></cost></information_object></object><object><cad_number>70:09:0102002:650</cad_number><type>002001001000</type><information_object><cost><value>655426.87</value><cost_index>11982.21</cost_index><approvement_date>2020-06-03</approvement_date><determination_date>2020-06-03</determination_date></cost></information_object></object><object><cad_number>70:09:0103001:905</cad_number><type>002001001000</type><information_object><cost><value>345937.1</value><cost_index>5597.69</cost_index><approvement_date>2020-06-03</approvement_date><determination_date>2020-06-03</determination_date></cost></information_object></object><object><cad_number>70:09:0103001:906</cad_number><type>002001001000</type><information_object><cost><value>227237.93</value><cost_index>7973.26</cost_index><approvement_date>2020-06-03</approvement_date><determination_date>2020-06-03</determination_date></cost></information_object></object><object><cad_number>70:09:0103001:907</cad_number><type>002001001000</type><information_object><cost><value>251721.12</value><cost_index>5593.8</cost_index><approvement_date>2020-06-03</approvement_date><determination_date>2020-06-03</determination_date></cost></information_object></object><object><cad_number>70:09:0103001:908</cad_number><type>002001001000</type><information_object><cost><value>452248.32</value><cost_index>7462.84</cost_index><approvement_date>2020-06-03</approvement_date><determination_date>2020-06-03</determination_date></cost></information_object></object><object><cad_number>70:09:0103002:1167</cad_number><type>002001001000</type><information_object><cost><value>240169.7</value><cost_index>8196.92</cost_index><approvement_date>2020-06-03</approvement_date><determination_date>2020-06-03</determination_date></cost></information_object></object><object><cad_number>70:09:0103002:1171</cad_number><type>002001001000</type><information_object><cost><value>178282.97</value><cost_index>6147.69</cost_index><approvement_date>2020-06-03</approvement_date><determination_date>2020-06-03</determination_date></cost></information_object></object><object><cad_number>70:09:0103002:1165</cad_number><type>002001001000</type><information_object><cost><value>706540.05</value><cost_index>10971.12</cost_index><approvement_date>2020-06-03</approvement_date><determination_date>2020-06-03</determination_date></cost></information_object></object><object><cad_number>70:09:0103002:1166</cad_number><type>002001001000</type><information_object><cost><value>592205.49</value><cost_index>10966.77</cost_index><approvement_date>2020-06-03</approvement_date><determination_date>2020-06-03</determination_date></cost></information_object></object><object><cad_number>70:09:0103002:1162</cad_number><type>002001001000</type><information_object><cost><value>425215.2</value><cost_index>10959.15</cost_index><approvement_date>2020-06-03</approvement_date><determination_date>2020-06-03</determination_date></cost></information_object></object><object><cad_number>70:09:0103002:1159</cad_number><type>002001001000</type><information_object><cost><value>627361.36</value><cost_index>10967.86</cost_index><approvement_date>2020-06-03</approvement_date><determination_date>2020-06-03</determination_date></cost></information_object></object><object><cad_number>70:09:0103002:1172</cad_number><type>002001001000</type><information_object><cost><value>448273.91</value><cost_index>10960.24</cost_index><approvement_date>2020-06-03</approvement_date><determination_date>2020-06-03</determination_date></cost></information_object></object></objects><document><document_code>558501030500</document_code><document_name>Акт определения кадастровой стоимости объектов недвижимости</document_name><document_number>2</document_number><document_date>2020-06-03</document_date><document_issuer>ОГБУ "ТОЦИК"</document_issuer></document></interact_entry_realty>
