<?xml version='1.0' encoding='UTF-8'?>
<interact_entry_realty guid="64e6eae5-d674-11ea-a93e-d81265b52ffc" version="01">
    <objects><object><cad_number>70:10:0103002:653</cad_number><type>002001001000</type><information_object><cost><value>443889.82</value><cost_index>10960.24</cost_index><approvement_date>2020-06-03</approvement_date><determination_date>2020-06-03</determination_date></cost></information_object></object><object><cad_number>70:10:0103002:654</cad_number><type>002001001000</type><information_object><cost><value>712025.61</value><cost_index>10971.12</cost_index><approvement_date>2020-06-03</approvement_date><determination_date>2020-06-03</determination_date></cost></information_object></object><object><cad_number>70:11:0100003:148</cad_number><type>002001001000</type><information_object><cost><value>88308.75</value><cost_index>1422.04</cost_index><approvement_date>2020-06-03</approvement_date><determination_date>2020-06-03</determination_date></cost></information_object></object><object><cad_number>70:11:0100005:593</cad_number><type>002001001000</type><information_object><cost><value>1439337.82</value><cost_index>14838.53</cost_index><approvement_date>2020-06-03</approvement_date><determination_date>2020-06-03</determination_date></cost></information_object></object><object><cad_number>70:11:0100005:586</cad_number><type>002001001000</type><information_object><cost><value>963549.49</value><cost_index>14823.84</cost_index><approvement_date>2020-06-03</approvement_date><determination_date>2020-06-03</determination_date></cost></information_object></object><object><cad_number>70:11:0100005:587</cad_number><type>002001001000</type><information_object><cost><value>1864020.71</value><cost_index>13333.48</cost_index><approvement_date>2020-06-03</approvement_date><determination_date>2020-06-03</determination_date></cost></information_object></object><object><cad_number>70:11:0100005:592</cad_number><type>002001001000</type><information_object><cost><value>843225.54</value><cost_index>14819.43</cost_index><approvement_date>2020-06-03</approvement_date><determination_date>2020-06-03</determination_date></cost></information_object></object><object><cad_number>70:11:0100008:259</cad_number><type>002001001000</type><information_object><cost><value>94563.95</value><cost_index>2619.5</cost_index><approvement_date>2020-06-03</approvement_date><determination_date>2020-06-03</determination_date></cost></information_object></object><object><cad_number>70:11:0100008:256</cad_number><type>002001001000</type><information_object><cost><value>1458779.35</value><cost_index>5667.36</cost_index><approvement_date>2020-06-03</approvement_date><determination_date>2020-06-03</determination_date></cost></information_object></object><object><cad_number>70:11:0100008:255</cad_number><type>002001001000</type><information_object><cost><value>1176864.01</value><cost_index>5663.45</cost_index><approvement_date>2020-06-03</approvement_date><determination_date>2020-06-03</determination_date></cost></information_object></object><object><cad_number>70:11:0100009:349</cad_number><type>002001001000</type><information_object><cost><value>293061.78</value><cost_index>5141.43</cost_index><approvement_date>2020-06-03</approvement_date><determination_date>2020-06-03</determination_date></cost></information_object></object><object><cad_number>70:11:0100009:351</cad_number><type>002001001000</type><information_object><cost><value>486751.95</value><cost_index>5044.06</cost_index><approvement_date>2020-06-03</approvement_date><determination_date>2020-06-03</determination_date></cost></information_object></object><object><cad_number>70:11:0100009:350</cad_number><type>002001001000</type><information_object><cost><value>269357.75</value><cost_index>5140.42</cost_index><approvement_date>2020-06-03</approvement_date><determination_date>2020-06-03</determination_date></cost></information_object></object><object><cad_number>70:11:0100009:348</cad_number><type>002001001000</type><information_object><cost><value>310375.69</value><cost_index>5038.57</cost_index><approvement_date>2020-06-03</approvement_date><determination_date>2020-06-03</determination_date></cost></information_object></object><object><cad_number>70:11:0100010:506</cad_number><type>002001001000</type><information_object><cost><value>1158304.17</value><cost_index>16642.3</cost_index><approvement_date>2020-06-03</approvement_date><determination_date>2020-06-03</determination_date></cost></information_object></object><object><cad_number>70:11:0100012:1047</cad_number><type>002001001000</type><information_object><cost><value>2643789.76</value><cost_index>14745.06</cost_index><approvement_date>2020-06-03</approvement_date><determination_date>2020-06-03</determination_date></cost></information_object></object><object><cad_number>70:11:0100012:1053</cad_number><type>002001001000</type><information_object><cost><value>1620661.66</value><cost_index>17259.44</cost_index><approvement_date>2020-06-03</approvement_date><determination_date>2020-06-03</determination_date></cost></information_object></object><object><cad_number>70:11:0100012:1054</cad_number><type>002001001000</type><information_object><cost><value>2620897.2</value><cost_index>15362.82</cost_index><approvement_date>2020-06-03</approvement_date><determination_date>2020-06-03</determination_date></cost></information_object></object><object><cad_number>70:11:0100012:1046</cad_number><type>002001001000</type><information_object><cost><value>2484194.03</value><cost_index>15516.51</cost_index><approvement_date>2020-06-03</approvement_date><determination_date>2020-06-03</determination_date></cost></information_object></object><object><cad_number>70:11:0100012:1050</cad_number><type>002001001000</type><information_object><cost><value>2005094.82</value><cost_index>15507.31</cost_index><approvement_date>2020-06-03</approvement_date><determination_date>2020-06-03</determination_date></cost></information_object></object></objects><document><document_code>558501030500</document_code><document_name>Акт определения кадастровой стоимости объектов недвижимости</document_name><document_number>2</document_number><document_date>2020-06-03</document_date><document_issuer>ОГБУ "ТОЦИК"</document_issuer></document></interact_entry_realty>
