<?xml version='1.0' encoding='UTF-8'?>
<interact_entry_realty guid="6554cef6-d674-11ea-95c8-d81265b52ffc" version="01">
    <objects><object><cad_number>70:11:0100039:5768</cad_number><type>002001001000</type><information_object><cost><value>1667481.33</value><cost_index>1110.91</cost_index><approvement_date>2020-06-03</approvement_date><determination_date>2020-06-03</determination_date></cost></information_object></object><object><cad_number>70:11:0100039:5889</cad_number><type>002001001000</type><information_object><cost><value>2434960.82</value><cost_index>5867.38</cost_index><approvement_date>2020-06-03</approvement_date><determination_date>2020-06-03</determination_date></cost></information_object></object><object><cad_number>70:11:0100039:5791</cad_number><type>002001001000</type><information_object><cost><value>5578705.78</value><cost_index>3719.14</cost_index><approvement_date>2020-06-03</approvement_date><determination_date>2020-06-03</determination_date></cost></information_object></object><object><cad_number>70:11:0100039:5734</cad_number><type>002001001000</type><information_object><cost><value>46744871.75</value><cost_index>364.74</cost_index><approvement_date>2020-06-03</approvement_date><determination_date>2020-06-03</determination_date></cost></information_object></object><object><cad_number>70:11:0100039:5815</cad_number><type>002001001000</type><information_object><cost><value>45547.46</value><cost_index>1110.91</cost_index><approvement_date>2020-06-03</approvement_date><determination_date>2020-06-03</determination_date></cost></information_object></object><object><cad_number>70:11:0100039:5790</cad_number><type>002001001000</type><information_object><cost><value>15949331.78</value><cost_index>3886.29</cost_index><approvement_date>2020-06-03</approvement_date><determination_date>2020-06-03</determination_date></cost></information_object></object><object><cad_number>70:11:0100039:5738</cad_number><type>002001001000</type><information_object><cost><value>15946054.0</value><cost_index>1110.91</cost_index><approvement_date>2020-06-03</approvement_date><determination_date>2020-06-03</determination_date></cost></information_object></object><object><cad_number>70:11:0100039:5767</cad_number><type>002001001000</type><information_object><cost><value>31543010.47</value><cost_index>5867.38</cost_index><approvement_date>2020-06-03</approvement_date><determination_date>2020-06-03</determination_date></cost></information_object></object><object><cad_number>70:11:0100039:5757</cad_number><type>002001001000</type><information_object><cost><value>265837.62</value><cost_index>896.89</cost_index><approvement_date>2020-06-03</approvement_date><determination_date>2020-06-03</determination_date></cost></information_object></object><object><cad_number>70:11:0100039:5744</cad_number><type>002001001000</type><information_object><cost><value>166637.04</value><cost_index>1110.91</cost_index><approvement_date>2020-06-03</approvement_date><determination_date>2020-06-03</determination_date></cost></information_object></object><object><cad_number>70:11:0100039:5703</cad_number><type>002001001000</type><information_object><cost><value>476802.19</value><cost_index>3178.68</cost_index><approvement_date>2020-06-03</approvement_date><determination_date>2020-06-03</determination_date></cost></information_object></object><object><cad_number>70:11:0100039:5876</cad_number><type>002001001000</type><information_object><cost><value>17185542.72</value><cost_index>5867.38</cost_index><approvement_date>2020-06-03</approvement_date><determination_date>2020-06-03</determination_date></cost></information_object></object><object><cad_number>70:11:0100039:5880</cad_number><type>002001001000</type><information_object><cost><value>37930.82</value><cost_index>280.97</cost_index><approvement_date>2020-06-03</approvement_date><determination_date>2020-06-03</determination_date></cost></information_object></object><object><cad_number>70:11:0100039:5756</cad_number><type>002001001000</type><information_object><cost><value>334385.0</value><cost_index>1110.91</cost_index><approvement_date>2020-06-03</approvement_date><determination_date>2020-06-03</determination_date></cost></information_object></object><object><cad_number>70:11:0100039:5884</cad_number><type>002001001000</type><information_object><cost><value>15960990.65</value><cost_index>3886.29</cost_index><approvement_date>2020-06-03</approvement_date><determination_date>2020-06-03</determination_date></cost></information_object></object><object><cad_number>70:11:0100039:5750</cad_number><type>002001001000</type><information_object><cost><value>37827.34</value><cost_index>37827.34</cost_index><approvement_date>2020-06-03</approvement_date><determination_date>2020-06-03</determination_date></cost></information_object></object><object><cad_number>70:11:0100039:5702</cad_number><type>002001001000</type><information_object><cost><value>483159.56</value><cost_index>3178.68</cost_index><approvement_date>2020-06-03</approvement_date><determination_date>2020-06-03</determination_date></cost></information_object></object><object><cad_number>70:11:0100039:5793</cad_number><type>002001001000</type><information_object><cost><value>15001077.17</value><cost_index>3886.29</cost_index><approvement_date>2020-06-03</approvement_date><determination_date>2020-06-03</determination_date></cost></information_object></object><object><cad_number>70:11:0100039:5853</cad_number><type>002001001000</type><information_object><cost><value>8910621.52</value><cost_index>355.9</cost_index><approvement_date>2020-06-03</approvement_date><determination_date>2020-06-03</determination_date></cost></information_object></object><object><cad_number>70:11:0100039:5794</cad_number><type>002001001000</type><information_object><cost><value>16400141.36</value><cost_index>3886.29</cost_index><approvement_date>2020-06-03</approvement_date><determination_date>2020-06-03</determination_date></cost></information_object></object></objects><document><document_code>558501030500</document_code><document_name>Акт определения кадастровой стоимости объектов недвижимости</document_name><document_number>2</document_number><document_date>2020-06-03</document_date><document_issuer>ОГБУ "ТОЦИК"</document_issuer></document></interact_entry_realty>
