<?xml version='1.0' encoding='UTF-8'?>
<interact_entry_realty guid="64dab522-d674-11ea-a8f7-d81265b52ffc" version="01">
    <objects><object><cad_number>70:10:0102002:1168</cad_number><type>002001001000</type><information_object><cost><value>998362.62</value><cost_index>16584.1</cost_index><approvement_date>2020-06-03</approvement_date><determination_date>2020-06-03</determination_date></cost></information_object></object><object><cad_number>70:10:0102002:1176</cad_number><type>002001001000</type><information_object><cost><value>624682.33</value><cost_index>10157.44</cost_index><approvement_date>2020-06-03</approvement_date><determination_date>2020-06-03</determination_date></cost></information_object></object><object><cad_number>70:10:0102002:1182</cad_number><type>002001001000</type><information_object><cost><value>404879.88</value><cost_index>10147.37</cost_index><approvement_date>2020-06-03</approvement_date><determination_date>2020-06-03</determination_date></cost></information_object></object><object><cad_number>70:10:0102002:1172</cad_number><type>002001001000</type><information_object><cost><value>292070.1</value><cost_index>10141.32</cost_index><approvement_date>2020-06-03</approvement_date><determination_date>2020-06-03</determination_date></cost></information_object></object><object><cad_number>70:10:0102002:1179</cad_number><type>002001001000</type><information_object><cost><value>507620.05</value><cost_index>10152.4</cost_index><approvement_date>2020-06-03</approvement_date><determination_date>2020-06-03</determination_date></cost></information_object></object><object><cad_number>70:10:0102002:1174</cad_number><type>002001001000</type><information_object><cost><value>659282.98</value><cost_index>10158.44</cost_index><approvement_date>2020-06-03</approvement_date><determination_date>2020-06-03</determination_date></cost></information_object></object><object><cad_number>70:10:0102003:751</cad_number><type>002001001000</type><information_object><cost><value>1574475.18</value><cost_index>16948.06</cost_index><approvement_date>2020-06-03</approvement_date><determination_date>2020-06-03</determination_date></cost></information_object></object><object><cad_number>70:10:0102003:747</cad_number><type>002001001000</type><information_object><cost><value>490312.32</value><cost_index>10151.39</cost_index><approvement_date>2020-06-03</approvement_date><determination_date>2020-06-03</determination_date></cost></information_object></object><object><cad_number>70:10:0102003:750</cad_number><type>002001001000</type><information_object><cost><value>444542.83</value><cost_index>10149.38</cost_index><approvement_date>2020-06-03</approvement_date><determination_date>2020-06-03</determination_date></cost></information_object></object><object><cad_number>70:10:0102003:744</cad_number><type>002001001000</type><information_object><cost><value>513711.49</value><cost_index>10152.4</cost_index><approvement_date>2020-06-03</approvement_date><determination_date>2020-06-03</determination_date></cost></information_object></object><object><cad_number>70:10:0102003:736</cad_number><type>002001001000</type><information_object><cost><value>449662.13</value><cost_index>10150.39</cost_index><approvement_date>2020-06-03</approvement_date><determination_date>2020-06-03</determination_date></cost></information_object></object><object><cad_number>70:10:0102003:748</cad_number><type>002001001000</type><information_object><cost><value>560219.08</value><cost_index>10154.42</cost_index><approvement_date>2020-06-03</approvement_date><determination_date>2020-06-03</determination_date></cost></information_object></object><object><cad_number>70:10:0102003:743</cad_number><type>002001001000</type><information_object><cost><value>583936.77</value><cost_index>10155.42</cost_index><approvement_date>2020-06-03</approvement_date><determination_date>2020-06-03</determination_date></cost></information_object></object><object><cad_number>70:10:0102003:737</cad_number><type>002001001000</type><information_object><cost><value>642965.72</value><cost_index>10157.44</cost_index><approvement_date>2020-06-03</approvement_date><determination_date>2020-06-03</determination_date></cost></information_object></object><object><cad_number>70:10:0102003:739</cad_number><type>002001001000</type><information_object><cost><value>407964.58</value><cost_index>10148.37</cost_index><approvement_date>2020-06-03</approvement_date><determination_date>2020-06-03</determination_date></cost></information_object></object><object><cad_number>70:10:0103001:1237</cad_number><type>002001001000</type><information_object><cost><value>230962.77</value><cost_index>10946.1</cost_index><approvement_date>2020-06-03</approvement_date><determination_date>2020-06-03</determination_date></cost></information_object></object><object><cad_number>70:10:0103001:1242</cad_number><type>002001001000</type><information_object><cost><value>802227.31</value><cost_index>10974.38</cost_index><approvement_date>2020-06-03</approvement_date><determination_date>2020-06-03</determination_date></cost></information_object></object><object><cad_number>70:10:0103001:1243</cad_number><type>002001001000</type><information_object><cost><value>702151.61</value><cost_index>10971.12</cost_index><approvement_date>2020-06-03</approvement_date><determination_date>2020-06-03</determination_date></cost></information_object></object><object><cad_number>70:10:0103001:1235</cad_number><type>002001001000</type><information_object><cost><value>508656.18</value><cost_index>10962.42</cost_index><approvement_date>2020-06-03</approvement_date><determination_date>2020-06-03</determination_date></cost></information_object></object><object><cad_number>70:10:0103002:657</cad_number><type>002001001000</type><information_object><cost><value>600978.9</value><cost_index>10966.77</cost_index><approvement_date>2020-06-03</approvement_date><determination_date>2020-06-03</determination_date></cost></information_object></object></objects><document><document_code>558501030500</document_code><document_name>Акт определения кадастровой стоимости объектов недвижимости</document_name><document_number>2</document_number><document_date>2020-06-03</document_date><document_issuer>ОГБУ "ТОЦИК"</document_issuer></document></interact_entry_realty>
