<?xml version='1.0' encoding='UTF-8'?>
<interact_entry_realty guid="6523f7d4-d674-11ea-a30e-d81265b52ffc" version="01">
    <objects><object><cad_number>70:11:0000000:359</cad_number><type>002001001000</type><information_object><cost><value>5080763.19</value><cost_index>280.97</cost_index><approvement_date>2020-06-03</approvement_date><determination_date>2020-06-03</determination_date></cost></information_object></object><object><cad_number>70:11:0000000:351</cad_number><type>002001001000</type><information_object><cost><value>37827.34</value><cost_index>37827.34</cost_index><approvement_date>2020-06-03</approvement_date><determination_date>2020-06-03</determination_date></cost></information_object></object><object><cad_number>70:11:0000000:350</cad_number><type>002001001000</type><information_object><cost><value>37827.34</value><cost_index>37827.34</cost_index><approvement_date>2020-06-03</approvement_date><determination_date>2020-06-03</determination_date></cost></information_object></object><object><cad_number>70:11:0000000:352</cad_number><type>002001001000</type><information_object><cost><value>1316.88</value><cost_index>101.3</cost_index><approvement_date>2020-06-03</approvement_date><determination_date>2020-06-03</determination_date></cost></information_object></object><object><cad_number>70:11:0000000:353</cad_number><type>002001001000</type><information_object><cost><value>1418.18</value><cost_index>101.3</cost_index><approvement_date>2020-06-03</approvement_date><determination_date>2020-06-03</determination_date></cost></information_object></object><object><cad_number>70:11:0100010:509</cad_number><type>002001001000</type><information_object><cost><value>2833181.26</value><cost_index>510.94</cost_index><approvement_date>2020-06-03</approvement_date><determination_date>2020-06-03</determination_date></cost></information_object></object><object><cad_number>70:11:0100038:13246</cad_number><type>002001001000</type><information_object><cost><value>11837637.58</value><cost_index>3886.29</cost_index><approvement_date>2020-06-03</approvement_date><determination_date>2020-06-03</determination_date></cost></information_object></object><object><cad_number>70:11:0100038:13181</cad_number><type>002001001000</type><information_object><cost><value>37827.34</value><cost_index>37827.34</cost_index><approvement_date>2020-06-03</approvement_date><determination_date>2020-06-03</determination_date></cost></information_object></object><object><cad_number>70:11:0100038:13260</cad_number><type>002001001000</type><information_object><cost><value>10616565.44</value><cost_index>3886.29</cost_index><approvement_date>2020-06-03</approvement_date><determination_date>2020-06-03</determination_date></cost></information_object></object><object><cad_number>70:11:0100038:13218</cad_number><type>002001001000</type><information_object><cost><value>11037061.96</value><cost_index>3886.29</cost_index><approvement_date>2020-06-03</approvement_date><determination_date>2020-06-03</determination_date></cost></information_object></object><object><cad_number>70:11:0100038:13217</cad_number><type>002001001000</type><information_object><cost><value>186089.88</value><cost_index>13292.13</cost_index><approvement_date>2020-06-03</approvement_date><determination_date>2020-06-03</determination_date></cost></information_object></object><object><cad_number>70:11:0100038:13435</cad_number><type>002001001000</type><information_object><cost><value>11030843.89</value><cost_index>3886.29</cost_index><approvement_date>2020-06-03</approvement_date><determination_date>2020-06-03</determination_date></cost></information_object></object><object><cad_number>70:11:0100038:13257</cad_number><type>002001001000</type><information_object><cost><value>12712052.7</value><cost_index>3886.29</cost_index><approvement_date>2020-06-03</approvement_date><determination_date>2020-06-03</determination_date></cost></information_object></object><object><cad_number>70:11:0100038:13188</cad_number><type>002001001000</type><information_object><cost><value>37827.34</value><cost_index>37827.34</cost_index><approvement_date>2020-06-03</approvement_date><determination_date>2020-06-03</determination_date></cost></information_object></object><object><cad_number>70:11:0100038:13261</cad_number><type>002001001000</type><information_object><cost><value>11349287.03</value><cost_index>3698.04</cost_index><approvement_date>2020-06-03</approvement_date><determination_date>2020-06-03</determination_date></cost></information_object></object><object><cad_number>70:11:0100038:13198</cad_number><type>002001001000</type><information_object><cost><value>37827.34</value><cost_index>37827.34</cost_index><approvement_date>2020-06-03</approvement_date><determination_date>2020-06-03</determination_date></cost></information_object></object><object><cad_number>70:11:0100038:13201</cad_number><type>002001001000</type><information_object><cost><value>37827.34</value><cost_index>37827.34</cost_index><approvement_date>2020-06-03</approvement_date><determination_date>2020-06-03</determination_date></cost></information_object></object><object><cad_number>70:11:0100038:13172</cad_number><type>002001001000</type><information_object><cost><value>37827.34</value><cost_index>37827.34</cost_index><approvement_date>2020-06-03</approvement_date><determination_date>2020-06-03</determination_date></cost></information_object></object><object><cad_number>70:11:0100038:13362</cad_number><type>002001001000</type><information_object><cost><value>12536003.79</value><cost_index>3886.29</cost_index><approvement_date>2020-06-03</approvement_date><determination_date>2020-06-03</determination_date></cost></information_object></object><object><cad_number>70:11:0100038:13443</cad_number><type>002001001000</type><information_object><cost><value>27980.89</value><cost_index>259.08</cost_index><approvement_date>2020-06-03</approvement_date><determination_date>2020-06-03</determination_date></cost></information_object></object></objects><document><document_code>558501030500</document_code><document_name>Акт определения кадастровой стоимости объектов недвижимости</document_name><document_number>2</document_number><document_date>2020-06-03</document_date><document_issuer>ОГБУ "ТОЦИК"</document_issuer></document></interact_entry_realty>
