<?xml version='1.0' encoding='UTF-8'?>
<interact_entry_realty guid="662062eb-e169-11ea-a0da-d81265b52ffc" version="01">
    <objects><object><cad_number>70:14:0306004:1066</cad_number><type>002001001000</type><information_object><cost><value>1422536.57</value><cost_index>23130.68</cost_index><approvement_date>2020-08-12</approvement_date><determination_date>2020-08-12</determination_date></cost></information_object></object><object><cad_number>70:14:0340002:199</cad_number><type>002001001000</type><information_object><cost><value>4110068.18</value><cost_index>30626.44</cost_index><approvement_date>2020-08-12</approvement_date><determination_date>2020-08-12</determination_date></cost></information_object></object><object><cad_number>70:14:0341002:381</cad_number><type>002001001000</type><information_object><cost><value>73810.15</value><cost_index>1198.22</cost_index><approvement_date>2020-08-12</approvement_date><determination_date>2020-08-12</determination_date></cost></information_object></object><object><cad_number>70:14:0341017:179</cad_number><type>002001001000</type><information_object><cost><value>904669.5</value><cost_index>12275.03</cost_index><approvement_date>2020-08-12</approvement_date><determination_date>2020-08-12</determination_date></cost></information_object></object><object><cad_number>70:14:0211004:567</cad_number><type>002001001000</type><information_object><cost><value>1958762.02</value><cost_index>27510.7</cost_index><approvement_date>2020-08-12</approvement_date><determination_date>2020-08-12</determination_date></cost></information_object></object><object><cad_number>70:14:0300092:17653</cad_number><type>002001001000</type><information_object><cost><value>602986.81</value><cost_index>14564.9</cost_index><approvement_date>2020-08-12</approvement_date><determination_date>2020-08-12</determination_date></cost></information_object></object><object><cad_number>70:14:0100013:346</cad_number><type>002001001000</type><information_object><cost><value>218492.0</value><cost_index>1630.54</cost_index><approvement_date>2020-08-12</approvement_date><determination_date>2020-08-12</determination_date></cost></information_object></object><object><cad_number>70:14:0100035:5377</cad_number><type>002001001000</type><information_object><cost><value>385739.0</value><cost_index>3214.49</cost_index><approvement_date>2020-08-12</approvement_date><determination_date>2020-08-12</determination_date></cost></information_object></object><object><cad_number>70:14:0100035:5378</cad_number><type>002001001000</type><information_object><cost><value>385739.0</value><cost_index>3214.49</cost_index><approvement_date>2020-08-12</approvement_date><determination_date>2020-08-12</determination_date></cost></information_object></object><object><cad_number>70:14:0103002:781</cad_number><type>002001001000</type><information_object><cost><value>385739.0</value><cost_index>3214.49</cost_index><approvement_date>2020-08-12</approvement_date><determination_date>2020-08-12</determination_date></cost></information_object></object><object><cad_number>70:14:0113001:1318</cad_number><type>002001001000</type><information_object><cost><value>344370.0</value><cost_index>3074.73</cost_index><approvement_date>2020-08-12</approvement_date><determination_date>2020-08-12</determination_date></cost></information_object></object><object><cad_number>70:14:0113001:1319</cad_number><type>002001001000</type><information_object><cost><value>473509.0</value><cost_index>3074.73</cost_index><approvement_date>2020-08-12</approvement_date><determination_date>2020-08-12</determination_date></cost></information_object></object><object><cad_number>70:14:0119001:1353</cad_number><type>002001001000</type><information_object><cost><value>412294.0</value><cost_index>3494.02</cost_index><approvement_date>2020-08-12</approvement_date><determination_date>2020-08-12</determination_date></cost></information_object></object><object><cad_number>70:14:0119001:1354</cad_number><type>002001001000</type><information_object><cost><value>454222.0</value><cost_index>3494.02</cost_index><approvement_date>2020-08-12</approvement_date><determination_date>2020-08-12</determination_date></cost></information_object></object><object><cad_number>70:17:0000009:1311</cad_number><type>002001001000</type><information_object><cost><value>1965172.0</value><cost_index>2223.05</cost_index><approvement_date>2020-08-12</approvement_date><determination_date>2020-08-12</determination_date></cost></information_object></object><object><cad_number>70:20:0000003:27345</cad_number><type>002001001000</type><information_object><cost><value>1344139.81</value><cost_index>24708.45</cost_index><approvement_date>2020-08-12</approvement_date><determination_date>2020-08-12</determination_date></cost></information_object></object></objects><document><document_code>558501030500</document_code><document_name>Акт определения кадастровой стоимости</document_name><document_number>66</document_number><document_date>2020-08-12</document_date><document_issuer>ОГБУ "ТОЦИК"</document_issuer></document></interact_entry_realty>
