<?xml version='1.0' encoding='UTF-8'?>
<interact_entry_realty guid="66142c68-e169-11ea-b1a8-d81265b52ffc" version="01">
    <objects><object><cad_number>70:05:0100003:895</cad_number><type>002001001000</type><information_object><cost><value>3333116.0</value><cost_index>3010.94</cost_index><approvement_date>2020-08-12</approvement_date><determination_date>2020-08-12</determination_date></cost></information_object></object><object><cad_number>70:07:0100039:1087</cad_number><type>002001001000</type><information_object><cost><value>4530603.85</value><cost_index>22835.7</cost_index><approvement_date>2020-08-12</approvement_date><determination_date>2020-08-12</determination_date></cost></information_object></object><object><cad_number>70:07:0101002:3486</cad_number><type>002001001000</type><information_object><cost><value>1241420.69</value><cost_index>23873.47</cost_index><approvement_date>2020-08-12</approvement_date><determination_date>2020-08-12</determination_date></cost></information_object></object><object><cad_number>70:07:0101002:3485</cad_number><type>002001001000</type><information_object><cost><value>394949.0</value><cost_index>11252.11</cost_index><approvement_date>2020-08-12</approvement_date><determination_date>2020-08-12</determination_date></cost></information_object></object><object><cad_number>70:07:0105002:930</cad_number><type>002001001000</type><information_object><cost><value>1835202.1</value><cost_index>5097.78</cost_index><approvement_date>2020-08-12</approvement_date><determination_date>2020-08-12</determination_date></cost></information_object></object><object><cad_number>70:09:0101002:1863</cad_number><type>002001001000</type><information_object><cost><value>2173459.34</value><cost_index>25361.25</cost_index><approvement_date>2020-08-12</approvement_date><determination_date>2020-08-12</determination_date></cost></information_object></object><object><cad_number>70:09:0101005:1331</cad_number><type>002001001000</type><information_object><cost><value>948315.49</value><cost_index>15597.29</cost_index><approvement_date>2020-08-12</approvement_date><determination_date>2020-08-12</determination_date></cost></information_object></object><object><cad_number>70:09:0103002:1179</cad_number><type>002001001000</type><information_object><cost><value>796115.81</value><cost_index>12616.73</cost_index><approvement_date>2020-08-12</approvement_date><determination_date>2020-08-12</determination_date></cost></information_object></object><object><cad_number>70:11:0100020:744</cad_number><type>002001001000</type><information_object><cost><value>1586666.52</value><cost_index>12973.56</cost_index><approvement_date>2020-08-12</approvement_date><determination_date>2020-08-12</determination_date></cost></information_object></object><object><cad_number>70:11:0101002:4371</cad_number><type>002001001000</type><information_object><cost><value>1272412.0</value><cost_index>237.48</cost_index><approvement_date>2020-08-12</approvement_date><determination_date>2020-08-12</determination_date></cost></information_object></object><object><cad_number>70:14:0100038:7687</cad_number><type>002001001000</type><information_object><cost><value>4723689.8</value><cost_index>33102.24</cost_index><approvement_date>2020-08-12</approvement_date><determination_date>2020-08-12</determination_date></cost></information_object></object><object><cad_number>70:14:0100038:7688</cad_number><type>002001001000</type><information_object><cost><value>4720379.58</value><cost_index>33102.24</cost_index><approvement_date>2020-08-12</approvement_date><determination_date>2020-08-12</determination_date></cost></information_object></object><object><cad_number>70:14:0103002:780</cad_number><type>002001001000</type><information_object><cost><value>1010810.54</value><cost_index>16121.38</cost_index><approvement_date>2020-08-12</approvement_date><determination_date>2020-08-12</determination_date></cost></information_object></object><object><cad_number>70:14:0108001:2827</cad_number><type>002001001000</type><information_object><cost><value>2929293.54</value><cost_index>23990.94</cost_index><approvement_date>2020-08-12</approvement_date><determination_date>2020-08-12</determination_date></cost></information_object></object><object><cad_number>70:14:0108005:247</cad_number><type>002001001000</type><information_object><cost><value>1925456.36</value><cost_index>14315.66</cost_index><approvement_date>2020-08-12</approvement_date><determination_date>2020-08-12</determination_date></cost></information_object></object><object><cad_number>70:14:0119001:1352</cad_number><type>002001001000</type><information_object><cost><value>792050.42</value><cost_index>17523.24</cost_index><approvement_date>2020-08-12</approvement_date><determination_date>2020-08-12</determination_date></cost></information_object></object><object><cad_number>70:14:0132003:730</cad_number><type>002001001000</type><information_object><cost><value>2042745.85</value><cost_index>27200.34</cost_index><approvement_date>2020-08-12</approvement_date><determination_date>2020-08-12</determination_date></cost></information_object></object><object><cad_number>70:14:0134002:212</cad_number><type>002001001000</type><information_object><cost><value>1394889.44</value><cost_index>17436.12</cost_index><approvement_date>2020-08-12</approvement_date><determination_date>2020-08-12</determination_date></cost></information_object></object><object><cad_number>70:14:0300083:1580</cad_number><type>002001001000</type><information_object><cost><value>27652.29</value><cost_index>3456.54</cost_index><approvement_date>2020-08-12</approvement_date><determination_date>2020-08-12</determination_date></cost></information_object></object><object><cad_number>70:14:0300092:17651</cad_number><type>002001001000</type><information_object><cost><value>989674.06</value><cost_index>36654.59</cost_index><approvement_date>2020-08-12</approvement_date><determination_date>2020-08-12</determination_date></cost></information_object></object></objects><document><document_code>558501030500</document_code><document_name>Акт определения кадастровой стоимости</document_name><document_number>66</document_number><document_date>2020-08-12</document_date><document_issuer>ОГБУ "ТОЦИК"</document_issuer></document></interact_entry_realty>
