<?xml version='1.0' encoding='UTF-8'?>
<interact_entry_realty guid="a98265e4-e116-11ea-a302-00155d8f673e" version="01">
    <objects><object><cad_number>70:22:0020206:1379</cad_number><type>002001001000</type><information_object><cost><value>134787.0</value><cost_index>134787.0</cost_index><approvement_date>2020-07-21</approvement_date><determination_date>2020-07-21</determination_date></cost></information_object></object><object><cad_number>70:22:0010102:5988</cad_number><type>002001001000</type><information_object><cost><value>171833.0</value><cost_index>433.92</cost_index><approvement_date>2020-07-21</approvement_date><determination_date>2020-07-21</determination_date></cost></information_object></object><object><cad_number>70:21:0200005:4040</cad_number><type>002001001000</type><information_object><cost><value>64732.17</value><cost_index>19615.81</cost_index><approvement_date>2020-07-21</approvement_date><determination_date>2020-07-21</determination_date></cost></information_object></object><object><cad_number>70:21:0114002:475</cad_number><type>002001001000</type><information_object><cost><value>1044763.38</value><cost_index>21235.03</cost_index><approvement_date>2020-07-21</approvement_date><determination_date>2020-07-21</determination_date></cost></information_object></object><object><cad_number>70:21:0110004:351</cad_number><type>002001001000</type><information_object><cost><value>225814.19</value><cost_index>18975.98</cost_index><approvement_date>2020-07-21</approvement_date><determination_date>2020-07-21</determination_date></cost></information_object></object><object><cad_number>70:21:0200010:7211</cad_number><type>002001001000</type><information_object><cost><value>80891.47</value><cost_index>18384.42</cost_index><approvement_date>2020-07-21</approvement_date><determination_date>2020-07-21</determination_date></cost></information_object></object><object><cad_number>70:21:0100044:5946</cad_number><type>002001001000</type><information_object><cost><value>671401.43</value><cost_index>27404.14</cost_index><approvement_date>2020-07-21</approvement_date><determination_date>2020-07-21</determination_date></cost></information_object></object><object><cad_number>70:21:0100044:5947</cad_number><type>002001001000</type><information_object><cost><value>679622.67</value><cost_index>27404.14</cost_index><approvement_date>2020-07-21</approvement_date><determination_date>2020-07-21</determination_date></cost></information_object></object><object><cad_number>70:21:0100004:4452</cad_number><type>002001001000</type><information_object><cost><value>21604124.54</value><cost_index>14491.63</cost_index><approvement_date>2020-07-21</approvement_date><determination_date>2020-07-21</determination_date></cost></information_object></object><object><cad_number>70:21:0100080:966</cad_number><type>002001001000</type><information_object><cost><value>664333.85</value><cost_index>10697.81</cost_index><approvement_date>2020-07-21</approvement_date><determination_date>2020-07-21</determination_date></cost></information_object></object><object><cad_number>70:21:0211001:1378</cad_number><type>002001001000</type><information_object><cost><value>14527291.54</value><cost_index>25406.25</cost_index><approvement_date>2020-07-21</approvement_date><determination_date>2020-07-21</determination_date></cost></information_object></object><object><cad_number>70:21:0203006:372</cad_number><type>002001001000</type><information_object><cost><value>2622609.72</value><cost_index>27490.67</cost_index><approvement_date>2020-07-21</approvement_date><determination_date>2020-07-21</determination_date></cost></information_object></object><object><cad_number>70:21:0119002:579</cad_number><type>002001001000</type><information_object><cost><value>5616718.33</value><cost_index>31238.7</cost_index><approvement_date>2020-07-21</approvement_date><determination_date>2020-07-21</determination_date></cost></information_object></object><object><cad_number>70:21:0110004:352</cad_number><type>002001001000</type><information_object><cost><value>1720906.61</value><cost_index>26113.91</cost_index><approvement_date>2020-07-21</approvement_date><determination_date>2020-07-21</determination_date></cost></information_object></object><object><cad_number>70:21:0100041:3420</cad_number><type>002001001000</type><information_object><cost><value>1406657.78</value><cost_index>44095.86</cost_index><approvement_date>2020-07-21</approvement_date><determination_date>2020-07-21</determination_date></cost></information_object></object><object><cad_number>70:21:0100053:6692</cad_number><type>002001001000</type><information_object><cost><value>1262694.45</value><cost_index>30280.44</cost_index><approvement_date>2020-07-21</approvement_date><determination_date>2020-07-21</determination_date></cost></information_object></object><object><cad_number>70:20:0000003:27354</cad_number><type>002001001000</type><information_object><cost><value>169740.08</value><cost_index>6872.07</cost_index><approvement_date>2020-07-21</approvement_date><determination_date>2020-07-21</determination_date></cost></information_object></object><object><cad_number>70:19:0000003:3663</cad_number><type>002001001000</type><information_object><cost><value>2671134.3</value><cost_index>14806.73</cost_index><approvement_date>2020-07-21</approvement_date><determination_date>2020-07-21</determination_date></cost></information_object></object><object><cad_number>70:16:0403009:167</cad_number><type>002001001000</type><information_object><cost><value>32070.51</value><cost_index>2055.8</cost_index><approvement_date>2020-07-21</approvement_date><determination_date>2020-07-21</determination_date></cost></information_object></object><object><cad_number>70:14:0102001:1873</cad_number><type>002001001000</type><information_object><cost><value>77126.0</value><cost_index>988.79</cost_index><approvement_date>2020-07-21</approvement_date><determination_date>2020-07-21</determination_date></cost></information_object></object></objects><document><document_code>558501030500</document_code><document_name>Акт об определении кадастровой стоимости</document_name><document_number>22</document_number><document_date>2020-07-21</document_date><document_issuer>ОГБУ "ТОЦИК"</document_issuer></document></interact_entry_realty>
