<?xml version='1.0' encoding='UTF-8'?>
<interact_entry_realty guid="a9879cee-e116-11ea-a302-00155d8f673e" version="01">
    <objects><object><cad_number>70:14:0321003:157</cad_number><type>002001001000</type><information_object><cost><value>125904.24</value><cost_index>537.13</cost_index><approvement_date>2020-07-21</approvement_date><determination_date>2020-07-21</determination_date></cost></information_object></object><object><cad_number>70:14:0341009:1067</cad_number><type>002001001000</type><information_object><cost><value>43067.38</value><cost_index>1495.4</cost_index><approvement_date>2020-07-21</approvement_date><determination_date>2020-07-21</determination_date></cost></information_object></object><object><cad_number>70:14:0341004:216</cad_number><type>002001001000</type><information_object><cost><value>37324.45</value><cost_index>599.11</cost_index><approvement_date>2020-07-21</approvement_date><determination_date>2020-07-21</determination_date></cost></information_object></object><object><cad_number>70:14:0331001:398</cad_number><type>002001001000</type><information_object><cost><value>320856.98</value><cost_index>3525.9</cost_index><approvement_date>2020-07-21</approvement_date><determination_date>2020-07-21</determination_date></cost></information_object></object><object><cad_number>70:14:0300042:1383</cad_number><type>002001001000</type><information_object><cost><value>259848.68</value><cost_index>6001.12</cost_index><approvement_date>2020-07-21</approvement_date><determination_date>2020-07-21</determination_date></cost></information_object></object><object><cad_number>70:14:0130003:396</cad_number><type>002001001000</type><information_object><cost><value>502705.2</value><cost_index>16112.35</cost_index><approvement_date>2020-07-21</approvement_date><determination_date>2020-07-21</determination_date></cost></information_object></object><object><cad_number>70:14:0123005:1299</cad_number><type>002001001000</type><information_object><cost><value>4374576.63</value><cost_index>32332.42</cost_index><approvement_date>2020-07-21</approvement_date><determination_date>2020-07-21</determination_date></cost></information_object></object><object><cad_number>70:14:0119001:1356</cad_number><type>002001001000</type><information_object><cost><value>3200013.82</value><cost_index>25356.69</cost_index><approvement_date>2020-07-21</approvement_date><determination_date>2020-07-21</determination_date></cost></information_object></object><object><cad_number>70:14:0208002:1826</cad_number><type>002001001000</type><information_object><cost><value>1988261.05</value><cost_index>27576.44</cost_index><approvement_date>2020-07-21</approvement_date><determination_date>2020-07-21</determination_date></cost></information_object></object><object><cad_number>70:11:0100039:6015</cad_number><type>002001001000</type><information_object><cost><value>18963881.0</value><cost_index>6105.56</cost_index><approvement_date>2020-07-21</approvement_date><determination_date>2020-07-21</determination_date></cost></information_object></object><object><cad_number>70:11:0101002:4374</cad_number><type>002001001000</type><information_object><cost><value>5310657.65</value><cost_index>18401.45</cost_index><approvement_date>2020-07-21</approvement_date><determination_date>2020-07-21</determination_date></cost></information_object></object><object><cad_number>70:07:0101002:3488</cad_number><type>002001001000</type><information_object><cost><value>178077.23</value><cost_index>8321.37</cost_index><approvement_date>2020-07-21</approvement_date><determination_date>2020-07-21</determination_date></cost></information_object></object><object><cad_number>70:06:0101004:2543</cad_number><type>002001001000</type><information_object><cost><value>4958990.82</value><cost_index>10128.66</cost_index><approvement_date>2020-07-21</approvement_date><determination_date>2020-07-21</determination_date></cost></information_object></object><object><cad_number>70:05:0101005:1204</cad_number><type>002001001000</type><information_object><cost><value>793725.39</value><cost_index>18898.22</cost_index><approvement_date>2020-07-21</approvement_date><determination_date>2020-07-21</determination_date></cost></information_object></object><object><cad_number>70:02:0200033:479</cad_number><type>002001001000</type><information_object><cost><value>532557.17</value><cost_index>14917.57</cost_index><approvement_date>2020-07-21</approvement_date><determination_date>2020-07-21</determination_date></cost></information_object></object><object><cad_number>70:01:0000017:3180</cad_number><type>002001001000</type><information_object><cost><value>1753156.91</value><cost_index>15751.63</cost_index><approvement_date>2020-07-21</approvement_date><determination_date>2020-07-21</determination_date></cost></information_object></object><object><cad_number>70:01:0000017:3181</cad_number><type>002001001000</type><information_object><cost><value>2096542.54</value><cost_index>15751.63</cost_index><approvement_date>2020-07-21</approvement_date><determination_date>2020-07-21</determination_date></cost></information_object></object></objects><document><document_code>558501030500</document_code><document_name>Акт об определении кадастровой стоимости</document_name><document_number>22</document_number><document_date>2020-07-21</document_date><document_issuer>ОГБУ "ТОЦИК"</document_issuer></document></interact_entry_realty>
